Workbook

Sheet 00_개요
A1: KIIT 논문 통계 재현 워크북
A2: 논문에 보고된 모든 통계량을 원자료 975개 평가쌍에서 엑셀 수식으로 재계산한다. 모든 결과 셀은 하드코딩이 아니라 수식이며, 입력값을 바꾸면 전체가 다시 계산된다.
A4: 데이터 규모
A5: 평가쌍 | B5: 975 = 레퍼런스 5종 x 로컬 모델 3종 x 문서 65건
A6: ADR 원문 | B6: 520개 = 8개 모델 x 65건
A7: 지표 | B7: 12개 (어휘 6 + 의미 3 + 구조 3)
A8: 설계 | B8: 완전 균형 요인설계, 결측 없음
A10: 색상 규약
A11: 파란 글씨 | B11: 입력값(원자료 또는 논문에서 가져온 상수). 여기만 수정한다.
A12: 검정 글씨 | B12: 수식으로 계산된 값. 직접 수정하지 않는다.
A13: 노란 배경 | B13: 논문에 인쇄된 핵심 수치에 해당하는 셀
A15: 시트 구성
A16: 시트 | B16: 내용 | C16: 논문 대응
A17: 01_원자료 | B17: 975행 x 12지표. Overall Score와 순위를 수식으로 산출 | C17: 분석 원자료
A18: 02_지표정의 | B18: 12개 지표의 산식 정의, 그룹 가중치, 표기 방언 처리 | C18: 3.2, 표 1
A19: 03_가중치민감도 | B19: 가중치 6개 시나리오에 대한 결론 안정성 검증 | C19: 표 3, 4.1
A20: 03B_시나리오점수 | B20: 시나리오별 975쌍 점수·순위 (Spearman rho 계산용) | C20: 표 3
A21: 04_교차표 | B21: 레퍼런스x모델 5x3 셀 평균과 이중 중심화 잔차 | C21: 4.2 공통 입력
A22: 05_이원분산분석 | B22: 평방합 분해 → eta² (레퍼런스/모델/상호작용) | C22: 4.2
A23: 05B_가정검정 | B23: 셀별 정규성(왜도·첨도·JB)과 Levene 등분산성 검정 | C23: 3.4
A24: 06_ICC | B24: 문서 확률효과 분산성분과 급내상관 | C24: 4.2 강건성
A25: 07_관대함변별력 | B25: 레퍼런스의 두 축(관대함, 변별력) 분해 | C25: 표 4
A26: 08_KW_Holm | B26: Kruskal-Wallis + 쌍별 Mann-Whitney + Holm 보정 | C26: 표 5
A27: 09_12지표교차표 | B27: 15개 조합 x 12지표 평균 | C27: 표 6
... A35: 재현성 검증 결과 | B35: 논문 인쇄값 vs 워크북 계산값 자동 대조 | C35: 전체 검증
A36: 자동 대조 재현율 | B36: ='14_논문대조'!B92 -> 1
A37: 불일치 항목 수 | B37: ='14_논문대조'!B91 -> 0
A39: 독립 재구현 검증: 본 워크북의 원자료를 만들기 위해 구조 지표 산출 코드를 원 구현과 무관하게 다시 작성하고, 원 파이프라인과 동일한 조건(ATX 전용 파서)에서 돌린 결과가 기존 산출 파일과 최대 5.6e-17(배정밀도 한계) 차이로 일치하였다. 따라서 재계산 절차 자체가 원 구현을 정확히 재현한다.
A40: 문서 식별자 대조: adrs/ 원문의 문서번호와 산출 파일의 document_id는 서로 다른 체계를 쓴다. Markdown Awareness 값 15개를 지문으로 삼아 1:1 대응을 복원했으며, 65건 전부 L1 오차 0.0으로 유일하게 매칭되었다.
A42: 엑셀로 재현할 수 없는 항목
A43: 혼합모형(LMM)의 REML 추정은 엑셀 함수로 구현할 수 없다. 다만 본 연구는 완전 균형설계이므로 적률법 분산성분 추정이 REML 결과와 일치하며(06_ICC에서 확인), BERTScore·SBERT 등 임베딩 기반 지표는 신경망 추론이 필요하므로 01_원자료에 입력값으로 수록하였다.
A44: p값은 대표본 정규근사(NORMSDIST)와 카이제곱 분포(CHIDIST)를 사용한다. |z|가 13을 넘는 경우 부동소수점 하한 때문에 p가 0으로 표시되나 실제로는 극히 작은 값이다.
A46: 출처
A47: 원자료: similarity_{chatgpt|claude|gemini|mistral|qwen3_6}_as_reference.xlsx (5개 파일, 각 195행)
A48: 구조 지표 2종(MA, TEDS_doc): adrs/ 520개 원문에서 Setext·ATX 양쪽을 인식하는 파서로 전수 재계산
A49: 출력 어휘량: adrs/ 원문 토큰 수 직접 계수 / 로컬 상호 합의도: local_local_teds.csv
A50: 원 구현: calculate_similarity.py (KIIT_paper_source_code/src)

Sheet 01_원자료
A1: document_id | B1: reference_model | C1: comparison_model | D1: f1_score | E1: rouge1 | F1: rouge2 | G1: rougeL | H1: bleu_score | I1: tfidf_similarity | J1: bertscore | K1: sts_score | L1: moverscore | M1: markdown_awareness_similarity | N1: teds_document_structure_similarity | O1: teds_table_structure_similarity | P1: lex_mean | Q1: sem_mean | R1: str_mean | S1: overall_score | T1: 동일계열 | U1: 문서형식 | V1: 전체평균순위 | W1: pool순위_G:M | X1: pool순위_G:Q | Y1: pool순위_M:Q | Z1: 셀내 순위 | AA1: Levene Z=|y−셀중앙값| | AB1: 잔차 y−셀평균
A2: PAT-01 | B2: chatgpt | C2: gemma | D2: 0.25144509 | E2: 0.28193833 | F2: 0.10666667 | G2: 0.24669604 | H2: 0.20082965 | I2: 0.2258474 | J2: 0.63084064 | K2: 0.57586197 | L2: 0.73172974 | M2: 0.43589744 | N2: 0.18269231 | O2: 1 | P2: =AVERAGE(D2:I2) -> 0.21890386 | Q2: =AVERAGE(J2:L2) -> 0.64614412 | R2: =AVERAGE(M2:O2) -> 0.53952991 | S2: ='02_지표정의'!$C$22*P2+'02_지표정의'!$C$23*Q2+'02_지표정의'!$C$24*R2 -> 0.52338109 | T2: =IF(OR(AND(B2="gemini",C2="gemma"),AND(B2="qwen3_6",C2="qwen"),AND(B2="mistral",C2="ministral")),1,0) -> 0 | U2: =IF(LEFT(A2,3)="PAT","특허","보고서") -> 특허 | V2: =COUNTIF($S$2:$S$976,"<"&S2)+(COUNTIF($S$2:$S$976,"="&S2)+1)/2 -> 113 | W2: =IF(C2="qwen",0,COUNTIFS($C$2:$C$976,"<>qwen",$S$2:$S$976,"<"&S2)+1) -> 102 | X2: =IF(C2="ministral",0,COUNTIFS($C$2:$C$976,"<>ministral",$S$2:$S$976,"<"&S2)+1) -> 21 | Y2: =IF(C2="gemma",0,COUNTIFS($C$2:$C$976,"<>gemma",$S$2:$S$976,"<"&S2)+1) -> 0 | Z2: =COUNTIFS($B$2:$B$976,B2,$C$2:$C$976,C2,$S$2:$S$976,"<"&S2)+1 -> 9 | AA2: =ABS(S2-SUMPRODUCT(('05B_가정검정'!$A$5:$A$19=B2)*('05B_가정검정'!$B$5:$B$19=C2)*'05B_가정검정'!$E$5:$E$19)) -> 0.034022611 | AB2: =S2-AVERAGEIFS($S$2:$S$976,$B$2:$B$976,B2,$C$2:$C$976,C2) -> -0.029170071
A3: PAT-01 | B3: chatgpt | C3: ministral | D3: 0.28382838 | E3: 0.33093525 | F3: 0.13043478 | G3: 0.28776978 | H3: 0.14158547 | I3: 0.30670945 | J3: 0.65374856 | K3: 0.6648825 | L3: 0.79131049 | M3: 0.47311828 | N3: 0 | O3: 1 | P3: =AVERAGE(D3:I3) -> 0.24687719 | Q3: =AVERAGE(J3:L3) -> 0.70331385 | R3: =AVERAGE(M3:O3) -> 0.49103943 | S3: ='02_지표정의'!$C$22*P3+'02_지표정의'!$C$23*Q3+'02_지표정의'!$C$24*R3 -> 0.53773047 | T3: =IF(OR(AND(B3="gemini",C3="gemma"),AND(B3="qwen3_6",C3="qwen"),AND(B3="mistral",C3="ministral")),1,0) -> 0 | U3: =IF(LEFT(A3,3)="PAT","특허","보고서") -> 특허 | V3: =COUNTIF($S$2:$S$976,"<"&S3)+(COUNTIF($S$2:$S$976,"="&S3)+1)/2 -> 161 | W3: =IF(C3="qwen",0,COUNTIFS($C$2:$C$976,"<>qwen",$S$2:$S$976,"<"&S3)+1) -> 141 | X3: =IF(C3="ministral",0,COUNTIFS($C$2:$C$976,"<>ministral",$S$2:$S$976,"<"&S3)+1) -> 0 | Y3: =IF(C3="gemma",0,COUNTIFS($C$2:$C$976,"<>gemma",$S$2:$S$976,"<"&S3)+1) -> 146 | Z3: =COUNTIFS($B$2:$B$976,B3,$C$2:$C$976,C3,$S$2:$S$976,"<"&S3)+1 -> 37 | AA3: =ABS(S3-SUMPRODUCT(('05B_가정검정'!$A$5:$A$19=B3)*('05B_가정검정'!$B$5:$B$19=C3)*'05B_가정검정'!$E$5:$E$19)) -> 0.0064380488 | AB3: =S3-AVERAGEIFS($S$2:$S$976,$B$2:$B$976,B3,$C$2:$C$976,C3) -> 0.010181438
A4: PAT-01 | B4: chatgpt | C4: qwen | D4: 0.24815362 | E4: 0.42056075 | F4: 0.12264151 | G4: 0.30841121 | H4: 0.1820685 | I4: 0.35395534 | J4: 0.66989183 | K4: 0.55981052 | L4: 0.71544087 | M4: 0.37948718 | N4: 0 | O4: 1 | P4: =AVERAGE(D4:I4) -> 0.27263182 | Q4: =AVERAGE(J4:L4) -> 0.64838107 | R4: =AVERAGE(M4:O4) -> 0.45982906 | S4: ='02_지표정의'!$C$22*P4+'02_지표정의'!$C$23*Q4+'02_지표정의'!$C$24*R4 -> 0.50723802 | T4: =IF(OR(AND(B4="gemini",C4="gemma"),AND(B4="qwen3_6",C4="qwen"),AND(B4="mistral",C4="ministral")),1,0) -> 0 | U4: =IF(LEFT(A4,3)="PAT","특허","보고서") -> 특허 | V4: =COUNTIF($S$2:$S$976,"<"&S4)+(COUNTIF($S$2:$S$976,"="&S4)+1)/2 -> 60 | W4: =IF(C4="qwen",0,COUNTIFS($C$2:$C$976,"<>qwen",$S$2:$S$976,"<"&S4)+1) -> 0 | X4: =IF(C4="ministral",0,COUNTIFS($C$2:$C$976,"<>ministral",$S$2:$S$976,"<"&S4)+1) -> 14 | Y4: =IF(C4="gemma",0,COUNTIFS($C$2:$C$976,"<>gemma",$S$2:$S$976,"<"&S4)+1) -> 53 | Z4: =COUNTIFS($B$2:$B$976,B4,$C$2:$C$976,C4,$S$2:$S$976,"<"&S4)+1 -> 2 | AA4: =ABS(S4-SUMPRODUCT(('05B_가정검정'!$A$5:$A$19=B4)*('05B_가정검정'!$B$5:$B$19=C4)*'05B_가정검정'!$E$5:$E$19)) -> 0.045785499 | AB4: =S4-AVERAGEIFS($S$2:$S$976,$B$2:$B$976,B4,$C$2:$C$976,C4) -> -0.049214466
A5: PAT-01 | B5: claude | C5: gemma | D5: 0.26677995 | E5: 0.30246914 | F5: 0.074534161 | G5: 0.17901235 | H5: 0.28403318 | I5: 0.1860384 | J5: 0.68962661 | K5: 0.62263356 | L5: 0.85854659 | M5: 0.56707317 | N5: 0.5212766 | O5: 1 | P5: =AVERAGE(D5:I5) -> 0.21547786 | Q5: =AVERAGE(J5:L5) -> 0.72360225 | R5: =AVERAGE(M5:O5) -> 0.69611659 | S5: ='02_지표정의'!$C$22*P5+'02_지표정의'!$C$23*Q5+'02_지표정의'!$C$24*R5 -> 0.61235739 | T5: =IF(OR(AND(B5="gemini",C5="gemma"),AND(B5="qwen3_6",C5="qwen"),AND(B5="mistral",C5="ministral")),1,0) -> 0 | U5: =IF(LEFT(A5,3)="PAT","특허","보고서") -> 특허 | V5: =COUNTIF($S$2:$S$976,"<"&S5)+(COUNTIF($S$2:$S$976,"="&S5)+1)/2 -> 448 | W5: =IF(C5="qwen",0,COUNTIFS($C$2:$C$976,"<>qwen",$S$2:$S$976,"<"&S5)+1) -> 365 | X5: =IF(C5="ministral",0,COUNTIFS($C$2:$C$976,"<>ministral",$S$2:$S$976,"<"&S5)+1) -> 191 | Y5: =IF(C5="gemma",0,COUNTIFS($C$2:$C$976,"<>gemma",$S$2:$S$976,"<"&S5)+1) -> 0 | Z5: =COUNTIFS($B$2:$B$976,B5,$C$2:$C$976,C5,$S$2:$S$976,"<"&S5)+1 -> 18 | AA5: =ABS(S5-SUMPRODUCT(('05B_가정검정'!$A$5:$A$19=B5)*('05B_가정검정'!$B$5:$B$19=C5)*'05B_가정검정'!$E$5:$E$19)) -> 0.015691569 | AB5: =S5-AVERAGEIFS($S$2:$S$976,$B$2:$B$976,B5,$C$2:$C$976,C5) -> -0.018945312
A6: PAT-01 | B6: claude | C6: ministral | D6: 0.22914757 | E6: 0.272 | F6: 0.091152815 | G6: 0.20266667 | H6: 0.2392412 | I6: 0.17376613 | J6: 0.70776473 | K6: 0.64362822 | L6: 0.84404955 | M6: 0.53046595 | N6: 0.52713178 | O6: 1 | P6: =AVERAGE(D6:I6) -> 0.20132906 | Q6: =AVERAGE(J6:L6) -> 0.73181417 | R6: =AVERAGE(M6:O6) -> 0.68586591 | S6: ='02_지표정의'!$C$22*P6+'02_지표정의'!$C$23*Q6+'02_지표정의'!$C$24*R6 -> 0.60963526 | T6: =IF(OR(AND(B6="gemini",C6="gemma"),AND(B6="qwen3_6",C6="qwen"),AND(B6="mistral",C6="ministral")),1,0) -> 0 | U6: =IF(LEFT(A6,3)="PAT","특허","보고서") -> 특허 | V6: =COUNTIF($S$2:$S$976,"<"&S6)+(COUNTIF($S$2:$S$976,"="&S6)+1)/2 -> 428 | W6: =IF(C6="qwen",0,COUNTIFS($C$2:$C$976,"<>qwen",$S$2:$S$976,"<"&S6)+1) -> 349 | X6: =IF(C6="ministral",0,COUNTIFS($C$2:$C$976,"<>ministral",$S$2:$S$976,"<"&S6)+1) -> 0 | Y6: =IF(C6="gemma",0,COUNTIFS($C$2:$C$976,"<>gemma",$S$2:$S$976,"<"&S6)+1) -> 326 | Z6: =COUNTIFS($B$2:$B$976,B6,$C$2:$C$976,C6,$S$2:$S$976,"<"&S6)+1 -> 43 | AA6: =ABS(S6-SUMPRODUCT(('05B_가정검정'!$A$5:$A$19=B6)*('05B_가정검정'!$B$5:$B$19=C6)*'05B_가정검정'!$E$5:$E$19)) -> 0.018806408 | AB6: =S6-AVERAGEIFS($S$2:$S$976,$B$2:$B$976,B6,$C$2:$C$976,C6) -> 0.03474448
A7: PAT-01 | B7: claude | C7: qwen | D7: 0.25817556 | E7: 0.36012862 | F7: 0.11650485 | G7: 0.25723473 | H7: 0.3204868 | I7: 0.24505675 | J7: 0.69981071 | K7: 0.61108906 | L7: 0.84354566 | M7: 0.61538462 | N7: 0.54901961 | O7: 1 | P7: =AVERAGE(D7:I7) -> 0.25959788 | Q7: =AVERAGE(J7:L7) -> 0.71814847 | R7: =AVERAGE(M7:O7) -> 0.72146807 | S7: ='02_지표정의'!$C$22*P7+'02_지표정의'!$C$23*Q7+'02_지표정의'!$C$24*R7 -> 0.62760022 | T7: =IF(OR(AND(B7="gemini",C7="gemma"),AND(B7="qwen3_6",C7="qwen"),AND(B7="mistral",C7="ministral")),1,0) -> 0 | U7: =IF(LEFT(A7,3)="PAT","특허","보고서") -> 특허 | V7: =COUNTIF($S$2:$S$976,"<"&S7)+(COUNTIF($S$2:$S$976,"="&S7)+1)/2 -> 519 | W7: =IF(C7="qwen",0,COUNTIFS($C$2:$C$976,"<>qwen",$S$2:$S$976,"<"&S7)+1) -> 0 | X7: =IF(C7="ministral",0,COUNTIFS($C$2:$C$976,"<>ministral",$S$2:$S$976,"<"&S7)+1) -> 229 | Y7: =IF(C7="gemma",0,COUNTIFS($C$2:$C$976,"<>gemma",$S$2:$S$976,"<"&S7)+1) -> 392 | Z7: =COUNTIFS($B$2:$B$976,B7,$C$2:$C$976,C7,$S$2:$S$976,"<"&S7)+1 -> 11 | AA7: =ABS(S7-SUMPRODUCT(('05B_가정검정'!$A$5:$A$19=B7)*('05B_가정검정'!$B$5:$B$19=C7)*'05B_가정검정'!$E$5:$E$19)) -> 0.0360771 | AB7: =S7-AVERAGEIFS($S$2:$S$976,$B$2:$B$976,B7,$C$2:$C$976,C7) -> -0.030822791
A8: PAT-01 | B8: gemini | C8: gemma | D8: 0.26373626 | E8: 0.30769231 | F8: 0.11872146 | G8: 0.23529412 | H8: 0.28200643 | I8: 0.16971891 | J8: 0.73920992 | K8: 0.6974853 | L8: 0.85993135 | M8: 0.90654206 | N8: 0.91666667 | O8: 1 | P8: =AVERAGE(D8:I8) -> 0.22952825 | Q8: =AVERAGE(J8:L8) -> 0.76554219 | R8: =AVERAGE(M8:O8) -> 0.94106957 | S8: ='02_지표정의'!$C$22*P8+'02_지표정의'!$C$23*Q8+'02_지표정의'!$C$24*R8 -> 0.71977399 | T8: =IF(OR(AND(B8="gemini",C8="gemma"),AND(B8="qwen3_6",C8="qwen"),AND(B8="mistral",C8="ministral")),1,0) -> 1 | U8: =IF(LEFT(A8,3)="PAT","특허","보고서") -> 특허 | V8: =COUNTIF($S$2:$S$976,"<"&S8)+(COUNTIF($S$2:$S$976,"="&S8)+1)/2 -> 878 | W8: =IF(C8="qwen",0,COUNTIFS($C$2:$C$976,"<>qwen",$S$2:$S$976,"<"&S8)+1) -> 586 | X8: =IF(C8="ministral",0,COUNTIFS($C$2:$C$976,"<>ministral",$S$2:$S$976,"<"&S8)+1) -> 553 | Y8: =IF(C8="gemma",0,COUNTIFS($C$2:$C$976,"<>gemma",$S$2:$S$976,"<"&S8)+1) -> 0 | Z8: =COUNTIFS($B$2:$B$976,B8,$C$2:$C$976,C8,$S$2:$S$976,"<"&S8)+1 -> 24 | AA8: =ABS(S8-SUMPRODUCT(('05B_가정검정'!$A$5:$A$19=B8)*('05B_가정검정'!$B$5:$B$19=C8)*'05B_가정검정'!$E$5:$E$19)) -> 0.0096580845 | AB8: =S8-AVERAGEIFS($S$2:$S$976,$B$2:$B$976,B8,$C$2:$C$976,C8) -> 0.0021221938
A9: PAT-01 | B9: gemini | C9: ministral | D9: 0.23465211 | E9: 0.27941176 | F9: 0.1037037 | G9: 0.24264706 | H9: 0.16846332 | I9: 0.1759258 | J9: 0.74590856 | K9: 0.74663408 | L9: 0.8873062 | M9: 0.34767025 | N9: 0.42635659 | O9: 1 | P9: =AVERAGE(D9:I9) -> 0.20080063 | Q9: =AVERAGE(J9:L9) -> 0.79328295 | R9: =AVERAGE(M9:O9) -> 0.59134228 | S9: ='02_지표정의'!$C$22*P9+'02_지표정의'!$C$23*Q9+'02_지표정의'!$C$24*R9 -> 0.60410725 | T9: =IF(OR(AND(B9="gemini",C9="gemma"),AND(B9="qwen3_6",C9="qwen"),AND(B9="mistral",C9="ministral")),1,0) -> 0 | U9: =IF(LEFT(A9,3)="PAT","특허","보고서") -> 특허 | V9: =COUNTIF($S$2:$S$976,"<"&S9)+(COUNTIF($S$2:$S$976,"="&S9)+1)/2 -> 408 | W9: =IF(C9="qwen",0,COUNTIFS($C$2:$C$976,"<>qwen",$S$2:$S$976,"<"&S9)+1) -> 330 | X9: =IF(C9="ministral",0,COUNTIFS($C$2:$C$976,"<>ministral",$S$2:$S$976,"<"&S9)+1) -> 0 | Y9: =IF(C9="gemma",0,COUNTIFS($C$2:$C$976,"<>gemma",$S$2:$S$976,"<"&S9)+1) -> 310 | Z9: =COUNTIFS($B$2:$B$976,B9,$C$2:$C$976,C9,$S$2:$S$976,"<"&S9)+1 -> 35 | AA9: =ABS(S9-SUMPRODUCT(('05B_가정검정'!$A$5:$A$19=B9)*('05B_가정검정'!$B$5:$B$19=C9)*'05B_가정검정'!$E$5:$E$19)) -> 0.0055277592 | AB9: =S9-AVERAGEIFS($S$2:$S$976,$B$2:$B$976,B9,$C$2:$C$976,C9) -> 0.024708175
A10: PAT-01 | B10: gemini | C10: qwen | D10: 0.24378109 | E10: 0.38461538 | F10: 0.12621359 | G10: 0.27884615 | H10: 0.23965923 | I10: 0.26843241 | J10: 0.76145152 | K10: 0.69550728 | L10: 0.85429733 | M10: 0.5739645 | N10: 0.53921569 | O10: 1 | P10: =AVERAGE(D10:I10) -> 0.25692464 | Q10: =AVERAGE(J10:L10) -> 0.77041871 | R10: =AVERAGE(M10:O10) -> 0.70439339 | S10: ='02_지표정의'!$C$22*P10+'02_지표정의'!$C$23*Q10+'02_지표정의'!$C$24*R10 -> 0.64461104 | T10: =IF(OR(AND(B10="gemini",C10="gemma"),AND(B10="qwen3_6",C10="qwen"),AND(B10="mistral",C10="ministral")),1,0) -> 0 | U10: =IF(LEFT(A10,3)="PAT","특허","보고서") -> 특허 | V10: =COUNTIF($S$2:$S$976,"<"&S10)+(COUNTIF($S$2:$S$976,"="&S10)+1)/2 -> 595 | W10: =IF(C10="qwen",0,COUNTIFS($C$2:$C$976,"<>qwen",$S$2:$S$976,"<"&S10)+1) -> 0 | X10: =IF(C10="ministral",0,COUNTIFS($C$2:$C$976,"<>ministral",$S$2:$S$976,"<"&S10)+1) -> 286 | Y10: =IF(C10="gemma",0,COUNTIFS($C$2:$C$976,"<>gemma",$S$2:$S$976,"<"&S10)+1) -> 445 | Z10: =COUNTIFS($B$2:$B$976,B10,$C$2:$C$976,C10,$S$2:$S$976,"<"&S10)+1 -> 6 | AA10: =ABS(S10-SUMPRODUCT(('05B_가정검정'!$A$5:$A$19=B10)*('05B_가정검정'!$B$5:$B$19=C10)*'05B_가정검정'!$E$5:$E$19)) -> 0.047708806 | AB10: =S10-AVERAGEIFS($S$2:$S$976,$B$2:$B$976,B10,$C$2:$C$976,C10) -> -0.043625939
A11: PAT-01 | B11: mistral | C11: gemma | D11: 0.24849216 | E11: 0.25101215 | F11: 0.073469388 | G11: 0.21052632 | H11: 0.31677417 | I11: 0.19932074 | J11: 0.70184692 | K11: 0.54227748 | L11: 0.74642301 | M11: 0.5027027 | N11: 0.44545455 | O11: 1 | P11: =AVERAGE(D11:I11) -> 0.21659915 | Q11: =AVERAGE(J11:L11) -> 0.6635158 | R11: =AVERAGE(M11:O11) -> 0.64938575 | S11: ='02_지표정의'!$C$22*P11+'02_지표정의'!$C$23*Q11+'02_지표정의'!$C$24*R11 -> 0.56918695 | T11: =IF(OR(AND(B11="gemini",C11="gemma"),AND(B11="qwen3_6",C11="qwen"),AND(B11="mistral",C11="ministral")),1,0) -> 0 | U11: =IF(LEFT(A11,3)="PAT","특허","보고서") -> 특허 | V11: =COUNTIF($S$2:$S$976,"<"&S11)+(COUNTIF($S$2:$S$976,"="&S11)+1)/2 -> 281 | W11: =IF(C11="qwen",0,COUNTIFS($C$2:$C$976,"<>qwen",$S$2:$S$976,"<"&S11)+1) -> 229 | X11: =IF(C11="ministral",0,COUNTIFS($C$2:$C$976,"<>ministral",$S$2:$S$976,"<"&S11)+1) -> 111 | Y11: =IF(C11="gemma",0,COUNTIFS($C$2:$C$976,"<>gemma",$S$2:$S$976,"<"&S11)+1) -> 0 | Z11: =COUNTIFS($B$2:$B$976,B11,$C$2:$C$976,C11,$S$2:$S$976,"<"&S11)+1 -> 10 | AA11: =ABS(S11-SUMPRODUCT(('05B_가정검정'!$A$5:$A$19=B11)*('05B_가정검정'!$B$5:$B$19=C11)*'05B_가정검정'!$E$5:$E$19)) -> 0.070166 | AB11: =S11-AVERAGEIFS($S$2:$S$976,$B$2:$B$976,B11,$C$2:$C$976,C11) -> -0.053694668
A12: PAT-01 | B12: mistral | C12: ministral | D12: 0.30686406 | E12: 0.37583893 | F12: 0.16216216 | G12: 0.2885906 | H12: 0.27356377 | I12: 0.25737722 | J12: 0.71775166 | K12: 0.63988422 | L12: 0.78329372 | M12: 0.57706093 | N12: 0.63565891 | O12: 1 | P12: =AVERAGE(D12:I12) -> 0.27739946 | Q12: =AVERAGE(J12:L12) -> 0.7136432 | R12: =AVERAGE(M12:O12) -> 0.73757328 | S12: ='02_지표정의'!$C$22*P12+'02_지표정의'!$C$23*Q12+'02_지표정의'!$C$24*R12 -> 0.63476998 | T12: =IF(OR(AND(B12="gemini",C12="gemma"),AND(B12="qwen3_6",C12="qwen"),AND(B12="mistral",C12="ministral")),1,0) -> 1 | U12: =IF(LEFT(A12,3)="PAT","특허","보고서") -> 특허 | V12: =COUNTIF($S$2:$S$976,"<"&S12)+(COUNTIF($S$2:$S$976,"="&S12)+1)/2 -> 552 | W12: =IF(C12="qwen",0,COUNTIFS($C$2:$C$976,"<>qwen",$S$2:$S$976,"<"&S12)+1) -> 434 | X12: =IF(C12="ministral",0,COUNTIFS($C$2:$C$976,"<>ministral",$S$2:$S$976,"<"&S12)+1) -> 0 | Y12: =IF(C12="gemma",0,COUNTIFS($C$2:$C$976,"<>gemma",$S$2:$S$976,"<"&S12)+1) -> 416 | Z12: =COUNTIFS($B$2:$B$976,B12,$C$2:$C$976,C12,$S$2:$S$976,"<"&S12)+1 -> 54 | AA12: =ABS(S12-SUMPRODUCT(('05B_가정검정'!$A$5:$A$19=B12)*('05B_가정검정'!$B$5:$B$19=C12)*'05B_가정검정'!$E$5:$E$19)) -> 0.047848043 | AB12: =S12-AVERAGEIFS($S$2:$S$976,$B$2:$B$976,B12,$C$2:$C$976,C12) -> 0.053546703
A13: PAT-01 | B13: mistral | C13: qwen | D13: 0.23832924 | E13: 0.47008547 | F13: 0.15517241 | G13: 0.36752137 | H13: 0.31914738 | I13: 0.23680199 | J13: 0.71708491 | K13: 0.55676925 | L13: 0.75243566 | M13: 0.79459459 | N13: 0.80909091 | O13: 1 | P13: =AVERAGE(D13:I13) -> 0.29784298 | Q13: =AVERAGE(J13:L13) -> 0.67542994 | R13: =AVERAGE(M13:O13) -> 0.86789517 | S13: ='02_지표정의'!$C$22*P13+'02_지표정의'!$C$23*Q13+'02_지표정의'!$C$24*R13 -> 0.66727538 | T13: =IF(OR(AND(B13="gemini",C13="gemma"),AND(B13="qwen3_6",C13="qwen"),AND(B13="mistral",C13="ministral")),1,0) -> 0 | U13: =IF(LEFT(A13,3)="PAT","특허","보고서") -> 특허 | V13: =COUNTIF($S$2:$S$976,"<"&S13)+(COUNTIF($S$2:$S$976,"="&S13)+1)/2 -> 704 | W13: =IF(C13="qwen",0,COUNTIFS($C$2:$C$976,"<>qwen",$S$2:$S$976,"<"&S13)+1) -> 0 | X13: =IF(C13="ministral",0,COUNTIFS($C$2:$C$976,"<>ministral",$S$2:$S$976,"<"&S13)+1) -> 384 | Y13: =IF(C13="gemma",0,COUNTIFS($C$2:$C$976,"<>gemma",$S$2:$S$976,"<"&S13)+1) -> 518 | Z13: =COUNTIFS($B$2:$B$976,B13,$C$2:$C$976,C13,$S$2:$S$976,"<"&S13)+1 -> 49 | AA13: =ABS(S13-SUMPRODUCT(('05B_가정검정'!$A$5:$A$19=B13)*('05B_가정검정'!$B$5:$B$19=C13)*'05B_가정검정'!$E$5:$E$19)) -> 0.031669188 | AB13: =S13-AVERAGEIFS($S$2:$S$976,$B$2:$B$976,B13,$C$2:$C$976,C13) -> 0.03588651
... A976: RPT-34 | B976: qwen3_6 | C976: qwen | D976: 0.33737596 | E976: 0.39509954 | F976: 0.14746544 | G976: 0.22052067 | H976: 0.29746789 | I976: 0.38446099 | J976: 0.65799377 | K976: 0.69404336 | L976: 0.84398779 | M976: 0.90654206 | N976: 0.91666667 | O976: 1 | P976: =AVERAGE(D976:I976) -> 0.29706508 | Q976: =AVERAGE(J976:L976) -> 0.73200831 | R976: =AVERAGE(M976:O976) -> 0.94106957 | S976: ='02_지표정의'!$C$22*P976+'02_지표정의'!$C$23*Q976+'02_지표정의'!$C$24*R976 -> 0.71819111 | T976: =IF(OR(AND(B976="gemini",C976="gemma"),AND(B976="qwen3_6",C976="qwen"),AND(B976="mistral",C976="ministral")),1,0) -> 1 | U976: =IF(LEFT(A976,3)="PAT","특허","보고서") -> 보고서 | V976: =COUNTIF($S$2:$S$976,"<"&S976)+(COUNTIF($S$2:$S$976,"="&S976)+1)/2 -> 871 | W976: =IF(C976="qwen",0,COUNTIFS($C$2:$C$976,"<>qwen",$S$2:$S$976,"<"&S976)+1) -> 0 | X976: =IF(C976="ministral",0,COUNTIFS($C$2:$C$976,"<>ministral",$S$2:$S$976,"<"&S976)+1) -> 546 | Y976: =IF(C976="gemma",0,COUNTIFS($C$2:$C$976,"<>gemma",$S$2:$S$976,"<"&S976)+1) -> 617 | Z976: =COUNTIFS($B$2:$B$976,B976,$C$2:$C$976,C976,$S$2:$S$976,"<"&S976)+1 -> 50 | AA976: =ABS(S976-SUMPRODUCT(('05B_가정검정'!$A$5:$A$19=B976)*('05B_가정검정'!$B$5:$B$19=C976)*'05B_가정검정'!$E$5:$E$19)) -> 0.032561309 | AB976: =S976-AVERAGEIFS($S$2:$S$976,$B$2:$B$976,B976,$C$2:$C$976,C976) -> 0.035772373

Sheet 02_지표정의
A1: 지표 정의 및 Overall Score 산식
A2: 01_원자료 D~O열 12개 지표의 정의. 원 구현: calculate_similarity.py
A4: # | B4: 지표(컬럼) | C4: 그룹 | D4: 산식 / 정의 | E4: 범위
A5: 1 | B5: f1_score | C5: 어휘 | D5: 어휘 중복 F1. P=|공통토큰|/|후보토큰|, R=|공통토큰|/|기준토큰|, F1=2PR/(P+R) | E5: 0~1
A6: 2 | B6: rouge1 | C6: 어휘 | D6: ROUGE-1: unigram 재현율 기반 중복도 | E6: 0~1
A7: 3 | B7: rouge2 | C7: 어휘 | D7: ROUGE-2: bigram 중복도 | E7: 0~1
A8: 4 | B8: rougeL | C8: 어휘 | D8: ROUGE-L: 최장공통부분수열(LCS) 기반 F-measure | E8: 0~1
A9: 5 | B9: bleu_score | C9: 어휘 | D9: BLEU n=1~4 가중조합의 평균(smoothing 적용) | E9: 0~1
A10: 6 | B10: tfidf_similarity | C10: 어휘 | D10: TF-IDF 벡터 간 코사인 유사도 | E10: 0~1
A11: 7 | B11: bertscore | C11: 의미 | D11: BERTScore F1. 청크 분할 후 길이 가중 평균 | E11: 0~1
A12: 8 | B12: sts_score | C12: 의미 | D12: SBERT 임베딩 코사인 유사도의 양방향 best-match 길이가중 평균 | E12: 0~1
A13: 9 | B13: moverscore | C13: 의미 | D13: Word Mover 계열 거리 기반 유사도 | E13: 0~1
A14: 10 | B14: markdown_awareness_similarity | C14: 구조 | D14: MDEval Markdown Awareness. 마크다운을 HTML형 구조토큰 시퀀스로 변환 후 1 - Levenshtein(t1,t2)/max(|t1|,|t2|) | E14: 0~1
A15: 11 | B15: teds_document_structure_similarity | C15: 구조 | D15: TEDS(Tree Edit Distance-based Similarity) 문서판. 문서를 순서트리로 변환 후 1 - TED(T1,T2)/max(|T1|,|T2|). 삽입·삭제 비용=서브트리 크기, 치환 비용=라벨 불일치 시 1 | E15: 0~1
A16: 12 | B16: teds_table_structure_similarity | C16: 구조 | D16: TEDS 표판. 표를 table>tr>td 트리로 변환 후 양방향 best-match 평균. 양쪽 모두 표가 없으면 NaN, 한쪽만 있으면 0 | E16: 0~1
A19: 그룹 가중치 (Overall Score)
A20: 아래 세 값은 논문에서 채택한 가중치이며 03_가중치민감도에서 검증한다. 이 셀을 바꾸면 워크북 전체가 재계산된다.
A21: 그룹 | B21: 지표 수 | C21: 가중치
A22: lexical (어휘) | B22: 6 | C22: 0.2
A23: semantic (의미) | B23: 3 | C23: 0.45
A24: structure (구조) | B24: 3 | C24: 0.35
A25: 합계 | C25: =SUM(C22:C24) -> 1
A27: Overall Score 산식
A28: overall_score = w_lex x mean(어휘 6개) + w_sem x mean(의미 3개) + w_str x mean(구조 3개)
A29: = 01_원자료 P열 x C22 + Q열 x C23 + R열 x C24 (P/Q/R = 각 그룹 내 단순평균)
A30: 주의: overall_document_structure_similarity(=0.40·MA+0.40·TEDS_doc+0.20·TEDS_table)는 나머지 세 구조 지표의 가중평균이므로 이중계산을 피하기 위해 점수 산식에서 제외한다.
A32: 표기 방언 처리 (본 워크북 원자료의 전제)
A33: 구조 지표 2종(MA, TEDS_doc)은 마크다운 제목 표기 방언에 민감하다. Claude·GPT·Mistral 산출물은 Setext(제목 아래 = 또는 --- 반복), Gemini·Qwen3.6 및 로컬 3종은 ATX(# 접두) 방식을 사용한다.
A34: ATX만 인식하는 파서를 쓰면 Setext 문서의 계층이 소실되어 TEDS_doc가 0으로 절단된다(전체의 60.2%). 본 워크북 원자료는 두 방언을 모두 인식하는 파서로 전수 재계산한 값이다(0 비율 8.4%, 평균 0.2543 → 0.4783).

Sheet 03_가중치민감도
A1: 표 3. Overall Score 가중치 민감도 검증
A2: 가중치 조합을 바꿔도 모델 순위와 점수 서열이 유지되는지 확인한다. 분석단위: 975 평가쌍
A4: 시나리오 | B4: w_lex | C4: w_sem | D4: w_str | E4: Gemma 평균 | F4: Ministral 평균 | G4: Qwen 평균 | H4: 1위 모델 | I4: 2위 모델 | J4: 3위 모델 | K4: baseline 대비 Spearman rho
A5: baseline (20/45/35) | B5: 0.2 | C5: 0.45 | D5: 0.35 | E5: =AVERAGEIFS('03B_시나리오점수'!$E$5:$E$979,'01_원자료'!$C$2:$C$976,"gemma") -> 0.64647455 | F5: =AVERAGEIFS('03B_시나리오점수'!$E$5:$E$979,'01_원자료'!$C$2:$C$976,"ministral") -> 0.56458675 | G5: =AVERAGEIFS('03B_시나리오점수'!$E$5:$E$979,'01_원자료'!$C$2:$C$976,"qwen") -> 0.64338401 | H5: =INDEX({"Gemma","Ministral","Qwen"},MATCH(LARGE(E5:G5,1),E5:G5,0)) -> Gemma | I5: =INDEX({"Gemma","Ministral","Qwen"},MATCH(LARGE(E5:G5,2),E5:G5,0)) -> Qwen | J5: =INDEX({"Gemma","Ministral","Qwen"},MATCH(LARGE(E5:G5,3),E5:G5,0)) -> Ministral | K5: =CORREL('03B_시나리오점수'!$K$5:$K$979,'03B_시나리오점수'!$K$5:$K$979) -> 1
A6: lex_heavy (40/30/30) | B6: 0.4 | C6: 0.3 | D6: 0.3 | E6: =AVERAGEIFS('03B_시나리오점수'!$F$5:$F$979,'01_원자료'!$C$2:$C$976,"gemma") -> 0.54608747 | F6: =AVERAGEIFS('03B_시나리오점수'!$F$5:$F$979,'01_원자료'!$C$2:$C$976,"ministral") -> 0.47516189 | G6: =AVERAGEIFS('03B_시나리오점수'!$F$5:$F$979,'01_원자료'!$C$2:$C$976,"qwen") -> 0.5582378 | H6: =INDEX({"Gemma","Ministral","Qwen"},MATCH(LARGE(E6:G6,1),E6:G6,0)) -> Qwen | I6: =INDEX({"Gemma","Ministral","Qwen"},MATCH(LARGE(E6:G6,2),E6:G6,0)) -> Gemma | J6: =INDEX({"Gemma","Ministral","Qwen"},MATCH(LARGE(E6:G6,3),E6:G6,0)) -> Ministral | K6: =CORREL('03B_시나리오점수'!$K$5:$K$979,'03B_시나리오점수'!$L$5:$L$979) -> 0.98658159
A7: sem_heavy (20/50/30) | B7: 0.2 | C7: 0.5 | D7: 0.3 | E7: =AVERAGEIFS('03B_시나리오점수'!$G$5:$G$979,'01_원자료'!$C$2:$C$976,"gemma") -> 0.6456318 | F7: =AVERAGEIFS('03B_시나리오점수'!$G$5:$G$979,'01_원자료'!$C$2:$C$976,"ministral") -> 0.57683164 | G7: =AVERAGEIFS('03B_시나리오점수'!$G$5:$G$979,'01_원자료'!$C$2:$C$976,"qwen") -> 0.64610852 | H7: =INDEX({"Gemma","Ministral","Qwen"},MATCH(LARGE(E7:G7,1),E7:G7,0)) -> Qwen | I7: =INDEX({"Gemma","Ministral","Qwen"},MATCH(LARGE(E7:G7,2),E7:G7,0)) -> Gemma | J7: =INDEX({"Gemma","Ministral","Qwen"},MATCH(LARGE(E7:G7,3),E7:G7,0)) -> Ministral | K7: =CORREL('03B_시나리오점수'!$K$5:$K$979,'03B_시나리오점수'!$M$5:$M$979) -> 0.99818713
A8: struct_heavy (20/20/60) | B8: 0.2 | C8: 0.2 | D8: 0.6 | E8: =AVERAGEIFS('03B_시나리오점수'!$H$5:$H$979,'01_원자료'!$C$2:$C$976,"gemma") -> 0.65068827 | F8: =AVERAGEIFS('03B_시나리오점수'!$H$5:$H$979,'01_원자료'!$C$2:$C$976,"ministral") -> 0.50336231 | G8: =AVERAGEIFS('03B_시나리오점수'!$H$5:$H$979,'01_원자료'!$C$2:$C$976,"qwen") -> 0.62976146 | H8: =INDEX({"Gemma","Ministral","Qwen"},MATCH(LARGE(E8:G8,1),E8:G8,0)) -> Gemma | I8: =INDEX({"Gemma","Ministral","Qwen"},MATCH(LARGE(E8:G8,2),E8:G8,0)) -> Qwen | J8: =INDEX({"Gemma","Ministral","Qwen"},MATCH(LARGE(E8:G8,3),E8:G8,0)) -> Ministral | K8: =CORREL('03B_시나리오점수'!$K$5:$K$979,'03B_시나리오점수'!$N$5:$N$979) -> 0.98722101
A9: equal (1/3 each) | B9: 0.33333333 | C9: 0.33333333 | D9: 0.33333333 | E9: =AVERAGEIFS('03B_시나리오점수'!$I$5:$I$979,'01_원자료'!$C$2:$C$976,"gemma") -> 0.57983074 | F9: =AVERAGEIFS('03B_시나리오점수'!$I$5:$I$979,'01_원자료'!$C$2:$C$976,"ministral") -> 0.50088855 | G9: =AVERAGEIFS('03B_시나리오점수'!$I$5:$I$979,'01_원자료'!$C$2:$C$976,"qwen") -> 0.5857117 | H9: =INDEX({"Gemma","Ministral","Qwen"},MATCH(LARGE(E9:G9,1),E9:G9,0)) -> Qwen | I9: =INDEX({"Gemma","Ministral","Qwen"},MATCH(LARGE(E9:G9,2),E9:G9,0)) -> Gemma | J9: =INDEX({"Gemma","Ministral","Qwen"},MATCH(LARGE(E9:G9,3),E9:G9,0)) -> Ministral | K9: =CORREL('03B_시나리오점수'!$K$5:$K$979,'03B_시나리오점수'!$O$5:$O$979) -> 0.99476359
A10: sem_struct (0/50/50) | B10: 0 | C10: 0.5 | D10: 0.5 | E10: =AVERAGEIFS('03B_시나리오점수'!$J$5:$J$979,'01_원자료'!$C$2:$C$976,"gemma") -> 0.74854712 | F10: =AVERAGEIFS('03B_시나리오점수'!$J$5:$J$979,'01_원자료'!$C$2:$C$976,"ministral") -> 0.62952184 | G10: =AVERAGEIFS('03B_시나리오점수'!$J$5:$J$979,'01_원자료'!$C$2:$C$976,"qwen") -> 0.7230812 | H10: =INDEX({"Gemma","Ministral","Qwen"},MATCH(LARGE(E10:G10,1),E10:G10,0)) -> Gemma | I10: =INDEX({"Gemma","Ministral","Qwen"},MATCH(LARGE(E10:G10,2),E10:G10,0)) -> Qwen | J10: =INDEX({"Gemma","Ministral","Qwen"},MATCH(LARGE(E10:G10,3),E10:G10,0)) -> Ministral | K10: =CORREL('03B_시나리오점수'!$K$5:$K$979,'03B_시나리오점수'!$P$5:$P$979) -> 0.98969632
A12: Spearman rho 범위 | K12: =TEXT(MIN(K5:K10),"0.000")&" ~ "&TEXT(MAX(K5:K10),"0.000") -> 0.987 ~ 1.000
A14: 해석: 6개 시나리오 전부에서 Ministral이 최하위로 고정되고, baseline 대비 Spearman 순위 상관이 모두 0.98 이상이다. 즉 Overall Score의 결론은 가중치 선택에 강건하다.
A15: 단, Gemma와 Qwen의 1·2위 순서는 시나리오에 따라 뒤바뀐다(두 모델 평균 차이 0.003 미만). 따라서 논문은 두 모델의 순위를 해석하지 않는다.
A16: rho의 분석 단위는 975개 평가쌍의 점수다. 모델 3개의 순위만으로 Spearman을 계산하면 값이 1.0 또는 0.5만 가능하므로 민감도 지표로 쓸 수 없다.
A17: sem_struct 시나리오는 어휘 가중치가 0이므로 어휘 그룹을 완전히 배제한 극단 검증이다.

Sheet 03B_시나리오점수
A1: 가중치 시나리오별 평가쌍 점수와 순위 (03_가중치민감도 계산용)
A2: E~J열 = 각 시나리오의 975개 평가쌍 점수, K~P열 = 그 평균순위. Spearman rho = 순위끼리의 CORREL.
A4: document_id | B4: reference_model | C4: comparison_model | E4: 점수 baseline (20/45/35) | F4: 점수 lex_heavy (40/30/30) | G4: 점수 sem_heavy (20/50/30) | H4: 점수 struct_heavy (20/20/60) | I4: 점수 equal (1/3 each) | J4: 점수 sem_struct (0/50/50) | K4: 순위 baseline (20/45/35) | L4: 순위 lex_heavy (40/30/30) | M4: 순위 sem_heavy (20/50/30) | N4: 순위 struct_heavy (20/20/60) | O4: 순위 equal (1/3 each) | P4: 순위 sem_struct (0/50/50)
A5: ='01_원자료'!A2 -> PAT-01 | B5: ='01_원자료'!B2 -> chatgpt | C5: ='01_원자료'!C2 -> gemma | E5: ='01_원자료'!P2*'03_가중치민감도'!$B$5+'01_원자료'!Q2*'03_가중치민감도'!$C$5+'01_원자료'!R2*'03_가중치민감도'!$D$5 -> 0.52338109 | F5: ='01_원자료'!P2*'03_가중치민감도'!$B$6+'01_원자료'!Q2*'03_가중치민감도'!$C$6+'01_원자료'!R2*'03_가중치민감도'!$D$6 -> 0.44326375 | G5: ='01_원자료'!P2*'03_가중치민감도'!$B$7+'01_원자료'!Q2*'03_가중치민감도'!$C$7+'01_원자료'!R2*'03_가중치민감도'!$D$7 -> 0.5287118 | H5: ='01_원자료'!P2*'03_가중치민감도'!$B$8+'01_원자료'!Q2*'03_가중치민감도'!$C$8+'01_원자료'!R2*'03_가중치민감도'!$D$8 -> 0.49672754 | I5: ='01_원자료'!P2*'03_가중치민감도'!$B$9+'01_원자료'!Q2*'03_가중치민감도'!$C$9+'01_원자료'!R2*'03_가중치민감도'!$D$9 -> 0.46819263 | J5: ='01_원자료'!P2*'03_가중치민감도'!$B$10+'01_원자료'!Q2*'03_가중치민감도'!$C$10+'01_원자료'!R2*'03_가중치민감도'!$D$10 -> 0.59283702 | K5: =COUNTIF($E$5:$E$979,"<"&E5)+(COUNTIF($E$5:$E$979,"="&E5)+1)/2 -> 113 | L5: =COUNTIF($F$5:$F$979,"<"&F5)+(COUNTIF($F$5:$F$979,"="&F5)+1)/2 -> 109 | M5: =COUNTIF($G$5:$G$979,"<"&G5)+(COUNTIF($G$5:$G$979,"="&G5)+1)/2 -> 67 | N5: =COUNTIF($H$5:$H$979,"<"&H5)+(COUNTIF($H$5:$H$979,"="&H5)+1)/2 -> 219 | O5: =COUNTIF($I$5:$I$979,"<"&I5)+(COUNTIF($I$5:$I$979,"="&I5)+1)/2 -> 123 | P5: =COUNTIF($J$5:$J$979,"<"&J5)+(COUNTIF($J$5:$J$979,"="&J5)+1)/2 -> 164
A6: ='01_원자료'!A3 -> PAT-01 | B6: ='01_원자료'!B3 -> chatgpt | C6: ='01_원자료'!C3 -> ministral | E6: ='01_원자료'!P3*'03_가중치민감도'!$B$5+'01_원자료'!Q3*'03_가중치민감도'!$C$5+'01_원자료'!R3*'03_가중치민감도'!$D$5 -> 0.53773047 | F6: ='01_원자료'!P3*'03_가중치민감도'!$B$6+'01_원자료'!Q3*'03_가중치민감도'!$C$6+'01_원자료'!R3*'03_가중치민감도'!$D$6 -> 0.45705686 | G6: ='01_원자료'!P3*'03_가중치민감도'!$B$7+'01_원자료'!Q3*'03_가중치민감도'!$C$7+'01_원자료'!R3*'03_가중치민감도'!$D$7 -> 0.54834419 | H6: ='01_원자료'!P3*'03_가중치민감도'!$B$8+'01_원자료'!Q3*'03_가중치민감도'!$C$8+'01_원자료'!R3*'03_가중치민감도'!$D$8 -> 0.48466186 | I6: ='01_원자료'!P3*'03_가중치민감도'!$B$9+'01_원자료'!Q3*'03_가중치민감도'!$C$9+'01_원자료'!R3*'03_가중치민감도'!$D$9 -> 0.48041016 | J6: ='01_원자료'!P3*'03_가중치민감도'!$B$10+'01_원자료'!Q3*'03_가중치민감도'!$C$10+'01_원자료'!R3*'03_가중치민감도'!$D$10 -> 0.59717664 | K6: =COUNTIF($E$5:$E$979,"<"&E6)+(COUNTIF($E$5:$E$979,"="&E6)+1)/2 -> 161 | L6: =COUNTIF($F$5:$F$979,"<"&F6)+(COUNTIF($F$5:$F$979,"="&F6)+1)/2 -> 166 | M6: =COUNTIF($G$5:$G$979,"<"&G6)+(COUNTIF($G$5:$G$979,"="&G6)+1)/2 -> 147 | N6: =COUNTIF($H$5:$H$979,"<"&H6)+(COUNTIF($H$5:$H$979,"="&H6)+1)/2 -> 187 | O6: =COUNTIF($I$5:$I$979,"<"&I6)+(COUNTIF($I$5:$I$979,"="&I6)+1)/2 -> 167 | P6: =COUNTIF($J$5:$J$979,"<"&J6)+(COUNTIF($J$5:$J$979,"="&J6)+1)/2 -> 176
A7: ='01_원자료'!A4 -> PAT-01 | B7: ='01_원자료'!B4 -> chatgpt | C7: ='01_원자료'!C4 -> qwen | E7: ='01_원자료'!P4*'03_가중치민감도'!$B$5+'01_원자료'!Q4*'03_가중치민감도'!$C$5+'01_원자료'!R4*'03_가중치민감도'!$D$5 -> 0.50723802 | F7: ='01_원자료'!P4*'03_가중치민감도'!$B$6+'01_원자료'!Q4*'03_가중치민감도'!$C$6+'01_원자료'!R4*'03_가중치민감도'!$D$6 -> 0.44151577 | G7: ='01_원자료'!P4*'03_가중치민감도'!$B$7+'01_원자료'!Q4*'03_가중치민감도'!$C$7+'01_원자료'!R4*'03_가중치민감도'!$D$7 -> 0.51666562 | H7: ='01_원자료'!P4*'03_가중치민감도'!$B$8+'01_원자료'!Q4*'03_가중치민감도'!$C$8+'01_원자료'!R4*'03_가중치민감도'!$D$8 -> 0.46010001 | I7: ='01_원자료'!P4*'03_가중치민감도'!$B$9+'01_원자료'!Q4*'03_가중치민감도'!$C$9+'01_원자료'!R4*'03_가중치민감도'!$D$9 -> 0.46028065 | J7: ='01_원자료'!P4*'03_가중치민감도'!$B$10+'01_원자료'!Q4*'03_가중치민감도'!$C$10+'01_원자료'!R4*'03_가중치민감도'!$D$10 -> 0.55410507 | K7: =COUNTIF($E$5:$E$979,"<"&E7)+(COUNTIF($E$5:$E$979,"="&E7)+1)/2 -> 60 | L7: =COUNTIF($F$5:$F$979,"<"&F7)+(COUNTIF($F$5:$F$979,"="&F7)+1)/2 -> 102 | M7: =COUNTIF($G$5:$G$979,"<"&G7)+(COUNTIF($G$5:$G$979,"="&G7)+1)/2 -> 42 | N7: =COUNTIF($H$5:$H$979,"<"&H7)+(COUNTIF($H$5:$H$979,"="&H7)+1)/2 -> 147 | O7: =COUNTIF($I$5:$I$979,"<"&I7)+(COUNTIF($I$5:$I$979,"="&I7)+1)/2 -> 96 | P7: =COUNTIF($J$5:$J$979,"<"&J7)+(COUNTIF($J$5:$J$979,"="&J7)+1)/2 -> 73
A8: ='01_원자료'!A5 -> PAT-01 | B8: ='01_원자료'!B5 -> claude | C8: ='01_원자료'!C5 -> gemma | E8: ='01_원자료'!P5*'03_가중치민감도'!$B$5+'01_원자료'!Q5*'03_가중치민감도'!$C$5+'01_원자료'!R5*'03_가중치민감도'!$D$5 -> 0.61235739 | F8: ='01_원자료'!P5*'03_가중치민감도'!$B$6+'01_원자료'!Q5*'03_가중치민감도'!$C$6+'01_원자료'!R5*'03_가중치민감도'!$D$6 -> 0.5121068 | G8: ='01_원자료'!P5*'03_가중치민감도'!$B$7+'01_원자료'!Q5*'03_가중치민감도'!$C$7+'01_원자료'!R5*'03_가중치민감도'!$D$7 -> 0.61373167 | H8: ='01_원자료'!P5*'03_가중치민감도'!$B$8+'01_원자료'!Q5*'03_가중치민감도'!$C$8+'01_원자료'!R5*'03_가중치민감도'!$D$8 -> 0.60548598 | I8: ='01_원자료'!P5*'03_가중치민감도'!$B$9+'01_원자료'!Q5*'03_가중치민감도'!$C$9+'01_원자료'!R5*'03_가중치민감도'!$D$9 -> 0.54506557 | J8: ='01_원자료'!P5*'03_가중치민감도'!$B$10+'01_원자료'!Q5*'03_가중치민감도'!$C$10+'01_원자료'!R5*'03_가중치민감도'!$D$10 -> 0.70985942 | K8: =COUNTIF($E$5:$E$979,"<"&E8)+(COUNTIF($E$5:$E$979,"="&E8)+1)/2 -> 448 | L8: =COUNTIF($F$5:$F$979,"<"&F8)+(COUNTIF($F$5:$F$979,"="&F8)+1)/2 -> 422 | M8: =COUNTIF($G$5:$G$979,"<"&G8)+(COUNTIF($G$5:$G$979,"="&G8)+1)/2 -> 426 | N8: =COUNTIF($H$5:$H$979,"<"&H8)+(COUNTIF($H$5:$H$979,"="&H8)+1)/2 -> 507 | O8: =COUNTIF($I$5:$I$979,"<"&I8)+(COUNTIF($I$5:$I$979,"="&I8)+1)/2 -> 436 | P8: =COUNTIF($J$5:$J$979,"<"&J8)+(COUNTIF($J$5:$J$979,"="&J8)+1)/2 -> 497
A9: ='01_원자료'!A6 -> PAT-01 | B9: ='01_원자료'!B6 -> claude | C9: ='01_원자료'!C6 -> ministral | E9: ='01_원자료'!P6*'03_가중치민감도'!$B$5+'01_원자료'!Q6*'03_가중치민감도'!$C$5+'01_원자료'!R6*'03_가중치민감도'!$D$5 -> 0.60963526 | F9: ='01_원자료'!P6*'03_가중치민감도'!$B$6+'01_원자료'!Q6*'03_가중치민감도'!$C$6+'01_원자료'!R6*'03_가중치민감도'!$D$6 -> 0.50583565 | G9: ='01_원자료'!P6*'03_가중치민감도'!$B$7+'01_원자료'!Q6*'03_가중치민감도'!$C$7+'01_원자료'!R6*'03_가중치민감도'!$D$7 -> 0.61193267 | H9: ='01_원자료'!P6*'03_가중치민감도'!$B$8+'01_원자료'!Q6*'03_가중치민감도'!$C$8+'01_원자료'!R6*'03_가중치민감도'!$D$8 -> 0.59814819 | I9: ='01_원자료'!P6*'03_가중치민감도'!$B$9+'01_원자료'!Q6*'03_가중치민감도'!$C$9+'01_원자료'!R6*'03_가중치민감도'!$D$9 -> 0.53966971 | J9: ='01_원자료'!P6*'03_가중치민감도'!$B$10+'01_원자료'!Q6*'03_가중치민감도'!$C$10+'01_원자료'!R6*'03_가중치민감도'!$D$10 -> 0.70884004 | K9: =COUNTIF($E$5:$E$979,"<"&E9)+(COUNTIF($E$5:$E$979,"="&E9)+1)/2 -> 428 | L9: =COUNTIF($F$5:$F$979,"<"&F9)+(COUNTIF($F$5:$F$979,"="&F9)+1)/2 -> 394 | M9: =COUNTIF($G$5:$G$979,"<"&G9)+(COUNTIF($G$5:$G$979,"="&G9)+1)/2 -> 419 | N9: =COUNTIF($H$5:$H$979,"<"&H9)+(COUNTIF($H$5:$H$979,"="&H9)+1)/2 -> 482 | O9: =COUNTIF($I$5:$I$979,"<"&I9)+(COUNTIF($I$5:$I$979,"="&I9)+1)/2 -> 412 | P9: =COUNTIF($J$5:$J$979,"<"&J9)+(COUNTIF($J$5:$J$979,"="&J9)+1)/2 -> 491
A10: ='01_원자료'!A7 -> PAT-01 | B10: ='01_원자료'!B7 -> claude | C10: ='01_원자료'!C7 -> qwen | E10: ='01_원자료'!P7*'03_가중치민감도'!$B$5+'01_원자료'!Q7*'03_가중치민감도'!$C$5+'01_원자료'!R7*'03_가중치민감도'!$D$5 -> 0.62760022 | F10: ='01_원자료'!P7*'03_가중치민감도'!$B$6+'01_원자료'!Q7*'03_가중치민감도'!$C$6+'01_원자료'!R7*'03_가중치민감도'!$D$6 -> 0.53572412 | G10: ='01_원자료'!P7*'03_가중치민감도'!$B$7+'01_원자료'!Q7*'03_가중치민감도'!$C$7+'01_원자료'!R7*'03_가중치민감도'!$D$7 -> 0.62743424 | H10: ='01_원자료'!P7*'03_가중치민감도'!$B$8+'01_원자료'!Q7*'03_가중치민감도'!$C$8+'01_원자료'!R7*'03_가중치민감도'!$D$8 -> 0.62843012 | I10: ='01_원자료'!P7*'03_가중치민감도'!$B$9+'01_원자료'!Q7*'03_가중치민감도'!$C$9+'01_원자료'!R7*'03_가중치민감도'!$D$9 -> 0.56640481 | J10: ='01_원자료'!P7*'03_가중치민감도'!$B$10+'01_원자료'!Q7*'03_가중치민감도'!$C$10+'01_원자료'!R7*'03_가중치민감도'!$D$10 -> 0.71980827 | K10: =COUNTIF($E$5:$E$979,"<"&E10)+(COUNTIF($E$5:$E$979,"="&E10)+1)/2 -> 519 | L10: =COUNTIF($F$5:$F$979,"<"&F10)+(COUNTIF($F$5:$F$979,"="&F10)+1)/2 -> 527 | M10: =COUNTIF($G$5:$G$979,"<"&G10)+(COUNTIF($G$5:$G$979,"="&G10)+1)/2 -> 502 | N10: =COUNTIF($H$5:$H$979,"<"&H10)+(COUNTIF($H$5:$H$979,"="&H10)+1)/2 -> 572 | O10: =COUNTIF($I$5:$I$979,"<"&I10)+(COUNTIF($I$5:$I$979,"="&I10)+1)/2 -> 532 | P10: =COUNTIF($J$5:$J$979,"<"&J10)+(COUNTIF($J$5:$J$979,"="&J10)+1)/2 -> 545
A11: ='01_원자료'!A8 -> PAT-01 | B11: ='01_원자료'!B8 -> gemini | C11: ='01_원자료'!C8 -> gemma | E11: ='01_원자료'!P8*'03_가중치민감도'!$B$5+'01_원자료'!Q8*'03_가중치민감도'!$C$5+'01_원자료'!R8*'03_가중치민감도'!$D$5 -> 0.71977399 | F11: ='01_원자료'!P8*'03_가중치민감도'!$B$6+'01_원자료'!Q8*'03_가중치민감도'!$C$6+'01_원자료'!R8*'03_가중치민감도'!$D$6 -> 0.60379483 | G11: ='01_원자료'!P8*'03_가중치민감도'!$B$7+'01_원자료'!Q8*'03_가중치민감도'!$C$7+'01_원자료'!R8*'03_가중치민감도'!$D$7 -> 0.71099762 | H11: ='01_원자료'!P8*'03_가중치민감도'!$B$8+'01_원자료'!Q8*'03_가중치민감도'!$C$8+'01_원자료'!R8*'03_가중치민감도'!$D$8 -> 0.76365583 | I11: ='01_원자료'!P8*'03_가중치민감도'!$B$9+'01_원자료'!Q8*'03_가중치민감도'!$C$9+'01_원자료'!R8*'03_가중치민감도'!$D$9 -> 0.64538 | J11: ='01_원자료'!P8*'03_가중치민감도'!$B$10+'01_원자료'!Q8*'03_가중치민감도'!$C$10+'01_원자료'!R8*'03_가중치민감도'!$D$10 -> 0.85330588 | K11: =COUNTIF($E$5:$E$979,"<"&E11)+(COUNTIF($E$5:$E$979,"="&E11)+1)/2 -> 878 | L11: =COUNTIF($F$5:$F$979,"<"&F11)+(COUNTIF($F$5:$F$979,"="&F11)+1)/2 -> 827 | M11: =COUNTIF($G$5:$G$979,"<"&G11)+(COUNTIF($G$5:$G$979,"="&G11)+1)/2 -> 875 | N11: =COUNTIF($H$5:$H$979,"<"&H11)+(COUNTIF($H$5:$H$979,"="&H11)+1)/2 -> 877 | O11: =COUNTIF($I$5:$I$979,"<"&I11)+(COUNTIF($I$5:$I$979,"="&I11)+1)/2 -> 852 | P11: =COUNTIF($J$5:$J$979,"<"&J11)+(COUNTIF($J$5:$J$979,"="&J11)+1)/2 -> 898
A12: ='01_원자료'!A9 -> PAT-01 | B12: ='01_원자료'!B9 -> gemini | C12: ='01_원자료'!C9 -> ministral | E12: ='01_원자료'!P9*'03_가중치민감도'!$B$5+'01_원자료'!Q9*'03_가중치민감도'!$C$5+'01_원자료'!R9*'03_가중치민감도'!$D$5 -> 0.60410725 | F12: ='01_원자료'!P9*'03_가중치민감도'!$B$6+'01_원자료'!Q9*'03_가중치민감도'!$C$6+'01_원자료'!R9*'03_가중치민감도'!$D$6 -> 0.49570782 | G12: ='01_원자료'!P9*'03_가중치민감도'!$B$7+'01_원자료'!Q9*'03_가중치민감도'!$C$7+'01_원자료'!R9*'03_가중치민감도'!$D$7 -> 0.61420428 | H12: ='01_원자료'!P9*'03_가중치민감도'!$B$8+'01_원자료'!Q9*'03_가중치민감도'!$C$8+'01_원자료'!R9*'03_가중치민감도'!$D$8 -> 0.55362208 | I12: ='01_원자료'!P9*'03_가중치민감도'!$B$9+'01_원자료'!Q9*'03_가중치민감도'!$C$9+'01_원자료'!R9*'03_가중치민감도'!$D$9 -> 0.52847528 | J12: ='01_원자료'!P9*'03_가중치민감도'!$B$10+'01_원자료'!Q9*'03_가중치민감도'!$C$10+'01_원자료'!R9*'03_가중치민감도'!$D$10 -> 0.69231261 | K12: =COUNTIF($E$5:$E$979,"<"&E12)+(COUNTIF($E$5:$E$979,"="&E12)+1)/2 -> 408 | L12: =COUNTIF($F$5:$F$979,"<"&F12)+(COUNTIF($F$5:$F$979,"="&F12)+1)/2 -> 338 | M12: =COUNTIF($G$5:$G$979,"<"&G12)+(COUNTIF($G$5:$G$979,"="&G12)+1)/2 -> 431 | N12: =COUNTIF($H$5:$H$979,"<"&H12)+(COUNTIF($H$5:$H$979,"="&H12)+1)/2 -> 350 | O12: =COUNTIF($I$5:$I$979,"<"&I12)+(COUNTIF($I$5:$I$979,"="&I12)+1)/2 -> 363 | P12: =COUNTIF($J$5:$J$979,"<"&J12)+(COUNTIF($J$5:$J$979,"="&J12)+1)/2 -> 431
A13: ='01_원자료'!A10 -> PAT-01 | B13: ='01_원자료'!B10 -> gemini | C13: ='01_원자료'!C10 -> qwen | E13: ='01_원자료'!P10*'03_가중치민감도'!$B$5+'01_원자료'!Q10*'03_가중치민감도'!$C$5+'01_원자료'!R10*'03_가중치민감도'!$D$5 -> 0.64461104 | F13: ='01_원자료'!P10*'03_가중치민감도'!$B$6+'01_원자료'!Q10*'03_가중치민감도'!$C$6+'01_원자료'!R10*'03_가중치민감도'!$D$6 -> 0.54521349 | G13: ='01_원자료'!P10*'03_가중치민감도'!$B$7+'01_원자료'!Q10*'03_가중치민감도'!$C$7+'01_원자료'!R10*'03_가중치민감도'!$D$7 -> 0.6479123 | H13: ='01_원자료'!P10*'03_가중치민감도'!$B$8+'01_원자료'!Q10*'03_가중치민감도'!$C$8+'01_원자료'!R10*'03_가중치민감도'!$D$8 -> 0.62810471 | I13: ='01_원자료'!P10*'03_가중치민감도'!$B$9+'01_원자료'!Q10*'03_가중치민감도'!$C$9+'01_원자료'!R10*'03_가중치민감도'!$D$9 -> 0.57724558 | J13: ='01_원자료'!P10*'03_가중치민감도'!$B$10+'01_원자료'!Q10*'03_가중치민감도'!$C$10+'01_원자료'!R10*'03_가중치민감도'!$D$10 -> 0.73740605 | K13: =COUNTIF($E$5:$E$979,"<"&E13)+(COUNTIF($E$5:$E$979,"="&E13)+1)/2 -> 595 | L13: =COUNTIF($F$5:$F$979,"<"&F13)+(COUNTIF($F$5:$F$979,"="&F13)+1)/2 -> 560 | M13: =COUNTIF($G$5:$G$979,"<"&G13)+(COUNTIF($G$5:$G$979,"="&G13)+1)/2 -> 606 | N13: =COUNTIF($H$5:$H$979,"<"&H13)+(COUNTIF($H$5:$H$979,"="&H13)+1)/2 -> 570 | O13: =COUNTIF($I$5:$I$979,"<"&I13)+(COUNTIF($I$5:$I$979,"="&I13)+1)/2 -> 578 | P13: =COUNTIF($J$5:$J$979,"<"&J13)+(COUNTIF($J$5:$J$979,"="&J13)+1)/2 -> 612
A14: ='01_원자료'!A11 -> PAT-01 | B14: ='01_원자료'!B11 -> mistral | C14: ='01_원자료'!C11 -> gemma | E14: ='01_원자료'!P11*'03_가중치민감도'!$B$5+'01_원자료'!Q11*'03_가중치민감도'!$C$5+'01_원자료'!R11*'03_가중치민감도'!$D$5 -> 0.56918695 | F14: ='01_원자료'!P11*'03_가중치민감도'!$B$6+'01_원자료'!Q11*'03_가중치민감도'!$C$6+'01_원자료'!R11*'03_가중치민감도'!$D$6 -> 0.48051013 | G14: ='01_원자료'!P11*'03_가중치민감도'!$B$7+'01_원자료'!Q11*'03_가중치민감도'!$C$7+'01_원자료'!R11*'03_가중치민감도'!$D$7 -> 0.56989346 | H14: ='01_원자료'!P11*'03_가중치민감도'!$B$8+'01_원자료'!Q11*'03_가중치민감도'!$C$8+'01_원자료'!R11*'03_가중치민감도'!$D$8 -> 0.56565444 | I14: ='01_원자료'!P11*'03_가중치민감도'!$B$9+'01_원자료'!Q11*'03_가중치민감도'!$C$9+'01_원자료'!R11*'03_가중치민감도'!$D$9 -> 0.50983357 | J14: ='01_원자료'!P11*'03_가중치민감도'!$B$10+'01_원자료'!Q11*'03_가중치민감도'!$C$10+'01_원자료'!R11*'03_가중치민감도'!$D$10 -> 0.65645078 | K14: =COUNTIF($E$5:$E$979,"<"&E14)+(COUNTIF($E$5:$E$979,"="&E14)+1)/2 -> 281 | L14: =COUNTIF($F$5:$F$979,"<"&F14)+(COUNTIF($F$5:$F$979,"="&F14)+1)/2 -> 269 | M14: =COUNTIF($G$5:$G$979,"<"&G14)+(COUNTIF($G$5:$G$979,"="&G14)+1)/2 -> 245 | N14: =COUNTIF($H$5:$H$979,"<"&H14)+(COUNTIF($H$5:$H$979,"="&H14)+1)/2 -> 386 | O14: =COUNTIF($I$5:$I$979,"<"&I14)+(COUNTIF($I$5:$I$979,"="&I14)+1)/2 -> 287 | P14: =COUNTIF($J$5:$J$979,"<"&J14)+(COUNTIF($J$5:$J$979,"="&J14)+1)/2 -> 323
A15: ='01_원자료'!A12 -> PAT-01 | B15: ='01_원자료'!B12 -> mistral | C15: ='01_원자료'!C12 -> ministral | E15: ='01_원자료'!P12*'03_가중치민감도'!$B$5+'01_원자료'!Q12*'03_가중치민감도'!$C$5+'01_원자료'!R12*'03_가중치민감도'!$D$5 -> 0.63476998 | F15: ='01_원자료'!P12*'03_가중치민감도'!$B$6+'01_원자료'!Q12*'03_가중치민감도'!$C$6+'01_원자료'!R12*'03_가중치민감도'!$D$6 -> 0.54632473 | G15: ='01_원자료'!P12*'03_가중치민감도'!$B$7+'01_원자료'!Q12*'03_가중치민감도'!$C$7+'01_원자료'!R12*'03_가중치민감도'!$D$7 -> 0.63357348 | H15: ='01_원자료'!P12*'03_가중치민감도'!$B$8+'01_원자료'!Q12*'03_가중치민감도'!$C$8+'01_원자료'!R12*'03_가중치민감도'!$D$8 -> 0.6407525 | I15: ='01_원자료'!P12*'03_가중치민감도'!$B$9+'01_원자료'!Q12*'03_가중치민감도'!$C$9+'01_원자료'!R12*'03_가중치민감도'!$D$9 -> 0.57620531 | J15: ='01_원자료'!P12*'03_가중치민감도'!$B$10+'01_원자료'!Q12*'03_가중치민감도'!$C$10+'01_원자료'!R12*'03_가중치민감도'!$D$10 -> 0.72560824 | K15: =COUNTIF($E$5:$E$979,"<"&E15)+(COUNTIF($E$5:$E$979,"="&E15)+1)/2 -> 552 | L15: =COUNTIF($F$5:$F$979,"<"&F15)+(COUNTIF($F$5:$F$979,"="&F15)+1)/2 -> 569 | M15: =COUNTIF($G$5:$G$979,"<"&G15)+(COUNTIF($G$5:$G$979,"="&G15)+1)/2 -> 531 | N15: =COUNTIF($H$5:$H$979,"<"&H15)+(COUNTIF($H$5:$H$979,"="&H15)+1)/2 -> 609 | O15: =COUNTIF($I$5:$I$979,"<"&I15)+(COUNTIF($I$5:$I$979,"="&I15)+1)/2 -> 572 | P15: =COUNTIF($J$5:$J$979,"<"&J15)+(COUNTIF($J$5:$J$979,"="&J15)+1)/2 -> 567
A16: ='01_원자료'!A13 -> PAT-01 | B16: ='01_원자료'!B13 -> mistral | C16: ='01_원자료'!C13 -> qwen | E16: ='01_원자료'!P13*'03_가중치민감도'!$B$5+'01_원자료'!Q13*'03_가중치민감도'!$C$5+'01_원자료'!R13*'03_가중치민감도'!$D$5 -> 0.66727538 | F16: ='01_원자료'!P13*'03_가중치민감도'!$B$6+'01_원자료'!Q13*'03_가중치민감도'!$C$6+'01_원자료'!R13*'03_가중치민감도'!$D$6 -> 0.58213472 | G16: ='01_원자료'!P13*'03_가중치민감도'!$B$7+'01_원자료'!Q13*'03_가중치민감도'!$C$7+'01_원자료'!R13*'03_가중치민감도'!$D$7 -> 0.65765211 | H16: ='01_원자료'!P13*'03_가중치민감도'!$B$8+'01_원자료'!Q13*'03_가중치민감도'!$C$8+'01_원자료'!R13*'03_가중치민감도'!$D$8 -> 0.71539168 | I16: ='01_원자료'!P13*'03_가중치민감도'!$B$9+'01_원자료'!Q13*'03_가중치민감도'!$C$9+'01_원자료'!R13*'03_가중치민감도'!$D$9 -> 0.61372269 | J16: ='01_원자료'!P13*'03_가중치민감도'!$B$10+'01_원자료'!Q13*'03_가중치민감도'!$C$10+'01_원자료'!R13*'03_가중치민감도'!$D$10 -> 0.77166255 | K16: =COUNTIF($E$5:$E$979,"<"&E16)+(COUNTIF($E$5:$E$979,"="&E16)+1)/2 -> 704 | L16: =COUNTIF($F$5:$F$979,"<"&F16)+(COUNTIF($F$5:$F$979,"="&F16)+1)/2 -> 745 | M16: =COUNTIF($G$5:$G$979,"<"&G16)+(COUNTIF($G$5:$G$979,"="&G16)+1)/2 -> 652 | N16: =COUNTIF($H$5:$H$979,"<"&H16)+(COUNTIF($H$5:$H$979,"="&H16)+1)/2 -> 820 | O16: =COUNTIF($I$5:$I$979,"<"&I16)+(COUNTIF($I$5:$I$979,"="&I16)+1)/2 -> 743 | P16: =COUNTIF($J$5:$J$979,"<"&J16)+(COUNTIF($J$5:$J$979,"="&J16)+1)/2 -> 724
... A979: ='01_원자료'!A976 -> RPT-34 | B979: ='01_원자료'!B976 -> qwen3_6 | C979: ='01_원자료'!C976 -> qwen | E979: ='01_원자료'!P976*'03_가중치민감도'!$B$5+'01_원자료'!Q976*'03_가중치민감도'!$C$5+'01_원자료'!R976*'03_가중치민감도'!$D$5 -> 0.71819111 | F979: ='01_원자료'!P976*'03_가중치민감도'!$B$6+'01_원자료'!Q976*'03_가중치민감도'!$C$6+'01_원자료'!R976*'03_가중치민감도'!$D$6 -> 0.6207494 | G979: ='01_원자료'!P976*'03_가중치민감도'!$B$7+'01_원자료'!Q976*'03_가중치민감도'!$C$7+'01_원자료'!R976*'03_가중치민감도'!$D$7 -> 0.70773804 | H979: ='01_원자료'!P976*'03_가중치민감도'!$B$8+'01_원자료'!Q976*'03_가중치민감도'!$C$8+'01_원자료'!R976*'03_가중치민감도'!$D$8 -> 0.77045642 | I979: ='01_원자료'!P976*'03_가중치민감도'!$B$9+'01_원자료'!Q976*'03_가중치민감도'!$C$9+'01_원자료'!R976*'03_가중치민감도'!$D$9 -> 0.65671432 | J979: ='01_원자료'!P976*'03_가중치민감도'!$B$10+'01_원자료'!Q976*'03_가중치민감도'!$C$10+'01_원자료'!R976*'03_가중치민감도'!$D$10 -> 0.83653894 | K979: =COUNTIF($E$5:$E$979,"<"&E979)+(COUNTIF($E$5:$E$979,"="&E979)+1)/2 -> 871 | L979: =COUNTIF($F$5:$F$979,"<"&F979)+(COUNTIF($F$5:$F$979,"="&F979)+1)/2 -> 898 | M979: =COUNTIF($G$5:$G$979,"<"&G979)+(COUNTIF($G$5:$G$979,"="&G979)+1)/2 -> 859 | N979: =COUNTIF($H$5:$H$979,"<"&H979)+(COUNTIF($H$5:$H$979,"="&H979)+1)/2 -> 902 | O979: =COUNTIF($I$5:$I$979,"<"&I979)+(COUNTIF($I$5:$I$979,"="&I979)+1)/2 -> 895 | P979: =COUNTIF($J$5:$J$979,"<"&J979)+(COUNTIF($J$5:$J$979,"="&J979)+1)/2 -> 855

Sheet 04_교차표
A1: 레퍼런스 x 모델 교차표 (Overall Score 셀 평균)
A2: 각 셀 = 문서 65건 평균. 이 표가 이원분산분석·계열편향 분석의 공통 입력이다.
A4: reference_model | B4: gemma | C4: ministral | D4: qwen | E4: 행평균(관대함) | F4: 표시명
A5: chatgpt | B5: =AVERAGEIFS('01_원자료'!$S$2:$S$976,'01_원자료'!$B$2:$B$976,$A5,'01_원자료'!$C$2:$C$976,B$4) -> 0.55255117 | C5: =AVERAGEIFS('01_원자료'!$S$2:$S$976,'01_원자료'!$B$2:$B$976,$A5,'01_원자료'!$C$2:$C$976,C$4) -> 0.52754903 | D5: =AVERAGEIFS('01_원자료'!$S$2:$S$976,'01_원자료'!$B$2:$B$976,$A5,'01_원자료'!$C$2:$C$976,D$4) -> 0.55645248 | E5: =AVERAGEIFS('01_원자료'!$S$2:$S$976,'01_원자료'!$B$2:$B$976,$A5) -> 0.54551756 | F5: ChatGPT
A6: claude | B6: =AVERAGEIFS('01_원자료'!$S$2:$S$976,'01_원자료'!$B$2:$B$976,$A6,'01_원자료'!$C$2:$C$976,B$4) -> 0.6313027 | C6: =AVERAGEIFS('01_원자료'!$S$2:$S$976,'01_원자료'!$B$2:$B$976,$A6,'01_원자료'!$C$2:$C$976,C$4) -> 0.57489078 | D6: =AVERAGEIFS('01_원자료'!$S$2:$S$976,'01_원자료'!$B$2:$B$976,$A6,'01_원자료'!$C$2:$C$976,D$4) -> 0.65842301 | E6: =AVERAGEIFS('01_원자료'!$S$2:$S$976,'01_원자료'!$B$2:$B$976,$A6) -> 0.62153883 | F6: Claude
A7: gemini | B7: =AVERAGEIFS('01_원자료'!$S$2:$S$976,'01_원자료'!$B$2:$B$976,$A7,'01_원자료'!$C$2:$C$976,B$4) -> 0.71765179 | C7: =AVERAGEIFS('01_원자료'!$S$2:$S$976,'01_원자료'!$B$2:$B$976,$A7,'01_원자료'!$C$2:$C$976,C$4) -> 0.57939907 | D7: =AVERAGEIFS('01_원자료'!$S$2:$S$976,'01_원자료'!$B$2:$B$976,$A7,'01_원자료'!$C$2:$C$976,D$4) -> 0.68823698 | E7: =AVERAGEIFS('01_원자료'!$S$2:$S$976,'01_원자료'!$B$2:$B$976,$A7) -> 0.66176261 | F7: Gemini
A8: mistral | B8: =AVERAGEIFS('01_원자료'!$S$2:$S$976,'01_원자료'!$B$2:$B$976,$A8,'01_원자료'!$C$2:$C$976,B$4) -> 0.62288162 | C8: =AVERAGEIFS('01_원자료'!$S$2:$S$976,'01_원자료'!$B$2:$B$976,$A8,'01_원자료'!$C$2:$C$976,C$4) -> 0.58122328 | D8: =AVERAGEIFS('01_원자료'!$S$2:$S$976,'01_원자료'!$B$2:$B$976,$A8,'01_원자료'!$C$2:$C$976,D$4) -> 0.63138887 | E8: =AVERAGEIFS('01_원자료'!$S$2:$S$976,'01_원자료'!$B$2:$B$976,$A8) -> 0.61183125 | F8: Mistral
A9: qwen3_6 | B9: =AVERAGEIFS('01_원자료'!$S$2:$S$976,'01_원자료'!$B$2:$B$976,$A9,'01_원자료'!$C$2:$C$976,B$4) -> 0.70798545 | C9: =AVERAGEIFS('01_원자료'!$S$2:$S$976,'01_원자료'!$B$2:$B$976,$A9,'01_원자료'!$C$2:$C$976,C$4) -> 0.55987161 | D9: =AVERAGEIFS('01_원자료'!$S$2:$S$976,'01_원자료'!$B$2:$B$976,$A9,'01_원자료'!$C$2:$C$976,D$4) -> 0.68241873 | E9: =AVERAGEIFS('01_원자료'!$S$2:$S$976,'01_원자료'!$B$2:$B$976,$A9) -> 0.65009193 | F9: Qwen3.6
A10: 열평균(모델) | B10: =AVERAGEIFS('01_원자료'!$S$2:$S$976,'01_원자료'!$C$2:$C$976,B$4) -> 0.64647455 | C10: =AVERAGEIFS('01_원자료'!$S$2:$S$976,'01_원자료'!$C$2:$C$976,C$4) -> 0.56458675 | D10: =AVERAGEIFS('01_원자료'!$S$2:$S$976,'01_원자료'!$C$2:$C$976,D$4) -> 0.64338401 | E10: =AVERAGE('01_원자료'!$S$2:$S$976) -> 0.61814844 | F10: ← 총평균 G
A11: 셀당 관측수 n | B11: =COUNTIFS('01_원자료'!$B$2:$B$976,$A$5,'01_원자료'!$C$2:$C$976,B$4) -> 65 | C11: =COUNTIFS('01_원자료'!$B$2:$B$976,$A$5,'01_원자료'!$C$2:$C$976,C$4) -> 65 | D11: =COUNTIFS('01_원자료'!$B$2:$B$976,$A$5,'01_원자료'!$C$2:$C$976,D$4) -> 65
A13: 이중 중심화 잔차 D* = (셀) - (행평균) - (열평균) + (총평균)
A14: 레퍼런스의 관대함과 모델의 실력을 동시에 제거한, 조합 고유의 상호작용 성분이다.
A15: reference_model | B15: gemma | C15: ministral | D15: qwen
A16: chatgpt | B16: =B5-$E5-B$10+$E$10 -> -0.021292504 | C16: =C5-$E5-C$10+$E$10 -> 0.035593156 | D16: =D5-$E5-D$10+$E$10 -> -0.014300652
A17: claude | B17: =B6-$E6-B$10+$E$10 -> -0.018562235 | C17: =C6-$E6-C$10+$E$10 -> 0.0069136315 | D17: =D6-$E6-D$10+$E$10 -> 0.011648603
A18: gemini | B18: =B7-$E7-B$10+$E$10 -> 0.027563069 | C18: =C7-$E7-C$10+$E$10 -> -0.028801855 | D18: =D7-$E7-D$10+$E$10 -> 0.0012387858
A19: mistral | B19: =B8-$E8-B$10+$E$10 -> -0.017275742 | C19: =C8-$E8-C$10+$E$10 -> 0.022953706 | D19: =D8-$E8-D$10+$E$10 -> -0.0056779639
A20: qwen3_6 | B20: =B9-$E9-B$10+$E$10 -> 0.029567412 | C20: =C9-$E9-C$10+$E$10 -> -0.036658638 | D20: =D9-$E9-D$10+$E$10 -> 0.0070912269
A21: 합계(검산) | B21: =SUM(B16:B20) -> 1.4432899e-15 | C21: =SUM(C16:C20) -> 7.7715612e-16 | D21: =SUM(D16:D20) -> -2.6645353e-15
A22: 검산: 이중 중심화 잔차는 행 방향·열 방향 합이 모두 0이 되어야 한다.

Sheet 05_이원분산분석
A1: 이원분산분석: 레퍼런스 효과 / 모델 효과 / 상호작용 (논문 4.2)
A2: 평방합 분해로 Overall Score 총변동을 세 요인에 배분한다. 설계: 레퍼런스 5 x 모델 3 x 문서 65 = 975 (균형설계)
A4: 기본량
A6: N (총 관측수) | B6: =COUNT('01_원자료'!$S$2:$S$976) -> 975
A7: a (레퍼런스 수준수) | B7: =COUNTA('04_교차표'!A5:A9) -> 5
A8: b (모델 수준수) | B8: =COUNTA('04_교차표'!B4:D4) -> 3
A9: r (셀당 반복수 = 문서 수) | B9: ='04_교차표'!B11 -> 65
A10: G (총평균) | B10: ='04_교차표'!E10 -> 0.61814844
A11: 평방합 분해
A12: 요인 | B12: 평방합 SS | C12: 산식 | D12: 자유도 df | E12: 평균제곱 MS | F12: F | G12: p | H12: eta squared
A13: 레퍼런스 (A) | B13: =$B$8*$B$9*SUMPRODUCT(('04_교차표'!E5:E9-$B$10)^2) -> 1.6085997 | C13: SS_A = b·r·Σ_i (행평균_i − G)² | D13: =$B$7-1 -> 4 | E13: =B13/D13 -> 0.40214992 | F13: =E13/$E$16 -> 173.56143 | G13: =FDIST(F13,D13,$D$16) -> 7.3873643e-112 | H13: =B13/$B$17 -> 0.28225489
A14: 모델 (B) | B14: =$B$7*$B$9*SUMPRODUCT(('04_교차표'!B10:D10-$B$10)^2) -> 1.4001185 | C14: SS_B = a·r·Σ_j (열평균_j − G)² | D14: =$B$8-1 -> 2 | E14: =B14/D14 -> 0.70005923 | F14: =E14/$E$16 -> 302.13429 | G14: =FDIST(F14,D14,$D$16) -> 1.6624878e-102 | H14: =B14/$B$17 -> 0.24567349
A15: 상호작용 (AxB) | B15: =$B$9*SUMPRODUCT('04_교차표'!B16:D20,'04_교차표'!B16:D20) -> 0.46601994 | C15: SS_AB = r·Σ_ij (셀_ij − 행_i − 열_j + G)² ← 04_교차표 B16:D20 | D15: =($B$7-1)*($B$8-1) -> 8 | E15: =B15/D15 -> 0.058252492 | F15: =E15/$E$16 -> 25.140837 | G15: =FDIST(F15,D15,$D$16) -> 2.2270403e-35 | H15: =B15/$B$17 -> 0.081770755
A16: 오차 (잔차) | B16: =B17-B13-B14-B15 -> 2.2243648 | C16: SS_E = SS_T − SS_A − SS_B − SS_AB | D16: =$B$6-$B$7*$B$8 -> 960 | E16: =B16/D16 -> 0.0023170466
A17: 총변동 | B17: =SUMPRODUCT(('01_원자료'!$S$2:$S$976-$B$10)^2) -> 5.6991028 | C17: SS_T = Σ (y − G)² | D17: =$B$6-1 -> 974
A19: 결과 요약
A20: eta² 레퍼런스 | B20: =H13 -> 0.28225489 | C20: 기준을 바꿀 때 점수가 이동하는 정도
A21: eta² 모델 | B21: =H14 -> 0.24567349 | C21: 피평가 모델을 바꿀 때 점수가 이동하는 정도
A22: eta² 상호작용 | B22: =H15 -> 0.081770755 | C22: 특정 레퍼런스-모델 조합에서만 나타나는 고유 효과
A23: 레퍼런스 관련 합 (A+AxB) | B23: =H13+H15 -> 0.36402565
A24: eta² 비 (레퍼런스/모델) | B24: =B20/B21 -> 1.1489026 | C24: 단일 요인끼리의 분산 배분 비교 (논문 본문의 "1.15배")
A25: 레퍼런스 주변평균 범위 | B25: =MAX('04_교차표'!E5:E9)-MIN('04_교차표'!E5:E9) -> 0.11624505 | C25: 가장 관대한 레퍼런스 − 가장 박한 레퍼런스
A26: 모델 주변평균 범위 | B26: =MAX('04_교차표'!B10:D10)-MIN('04_교차표'!B10:D10) -> 0.081887794 | C26: 최고 성능 모델 − 최저 성능 모델
A27: 점수 이동 비 (레퍼런스/모델) | B27: =B25/B26 -> 1.4195651 | C27: 기준을 바꿀 때의 점수 이동이 대상을 바꿀 때보다 몇 배 큰가 (논문 본문의 "약 1.4배")
A29: eta²의 의미: 총변동 100 중 해당 요인이 설명하는 몫. eta²=0.282는 Overall Score 변동의 28.2%가 어느 레퍼런스를 기준으로 삼았는지로 설명된다는 뜻이다.
A30: 주의: 본 설계는 반복측정(같은 문서가 15개 셀에 모두 등장) 구조를 갖는다. 이원분산분석은 이를 완전히 모델링하지 못하므로 06_ICC에서 문서 효과를 분리해 확인한다.

Sheet 05B_가정검정
A1: 분산분석의 가정 검정: 정규성과 등분산성 (논문 3.4)
A2: 이원분산분석이 전제하는 두 가정이 충족되는지 확인한다. 위반 시 비모수 검정으로 결론을 교차 확인한다.
A4: reference | B4: model | C4: n | D4: 평균 | E4: 중앙값 | F4: 표준편차 | G4: 왜도 | H4: 첨도(초과) | I4: Jarque-Bera | J4: p | K4: 정규성 | L4: Levene Z 평균
A5: chatgpt | B5: gemma | C5: =COUNTIFS('01_원자료'!$B$2:$B$976,$A5,'01_원자료'!$C$2:$C$976,$B5) -> 65 | D5: =AVERAGEIFS('01_원자료'!$S$2:$S$976,'01_원자료'!$B$2:$B$976,$A5,'01_원자료'!$C$2:$C$976,$B5) -> 0.55255117 | E5: =SUMPRODUCT(('01_원자료'!$B$2:$B$976=$A5)*('01_원자료'!$C$2:$C$976=$B5)*('01_원자료'!$Z$2:$Z$976=($C5+1)/2)*'01_원자료'!$S$2:$S$976) -> 0.5574037 | F5: =SQRT(SUMPRODUCT(('01_원자료'!$B$2:$B$976=$A5)*('01_원자료'!$C$2:$C$976=$B5)*('01_원자료'!$S$2:$S$976-$D5)^2)/($C5-1)) -> 0.025855541 | G5: =$C5/(($C5-1)*($C5-2))*SUMPRODUCT(('01_원자료'!$B$2:$B$976=$A5)*('01_원자료'!$C$2:$C$976=$B5)*(('01_원자료'!$S$2:$S$976-$D5)/$F5)^3) -> -0.91675894 | H5: =$C5*($C5+1)/(($C5-1)*($C5-2)*($C5-3))*SUMPRODUCT(('01_원자료'!$B$2:$B$976=$A5)*('01_원자료'!$C$2:$C$976=$B5)*(('01_원자료'!$S$2:$S$976-$D5)/$F5)^4)-3*($C5-1)^2/(($C5-2)*($C5-3)) -> 0.69662702 | I5: =$C5/6*(G5^2+H5^2/4) -> 10.419167 | J5: =CHIDIST(I5,2) -> 0.005463949 | K5: =IF(J5<0.05,"위반","충족") -> 위반 | L5: =AVERAGEIFS('01_원자료'!$AA$2:$AA$976,'01_원자료'!$B$2:$B$976,$A5,'01_원자료'!$C$2:$C$976,$B5) -> 0.018972171
A6: chatgpt | B6: ministral | C6: =COUNTIFS('01_원자료'!$B$2:$B$976,$A6,'01_원자료'!$C$2:$C$976,$B6) -> 65 | D6: =AVERAGEIFS('01_원자료'!$S$2:$S$976,'01_원자료'!$B$2:$B$976,$A6,'01_원자료'!$C$2:$C$976,$B6) -> 0.52754903 | E6: =SUMPRODUCT(('01_원자료'!$B$2:$B$976=$A6)*('01_원자료'!$C$2:$C$976=$B6)*('01_원자료'!$Z$2:$Z$976=($C6+1)/2)*'01_원자료'!$S$2:$S$976) -> 0.53129242 | F6: =SQRT(SUMPRODUCT(('01_원자료'!$B$2:$B$976=$A6)*('01_원자료'!$C$2:$C$976=$B6)*('01_원자료'!$S$2:$S$976-$D6)^2)/($C6-1)) -> 0.038793798 | G6: =$C6/(($C6-1)*($C6-2))*SUMPRODUCT(('01_원자료'!$B$2:$B$976=$A6)*('01_원자료'!$C$2:$C$976=$B6)*(('01_원자료'!$S$2:$S$976-$D6)/$F6)^3) -> 0.23326618 | H6: =$C6*($C6+1)/(($C6-1)*($C6-2)*($C6-3))*SUMPRODUCT(('01_원자료'!$B$2:$B$976=$A6)*('01_원자료'!$C$2:$C$976=$B6)*(('01_원자료'!$S$2:$S$976-$D6)/$F6)^4)-3*($C6-1)^2/(($C6-2)*($C6-3)) -> -0.81715257 | I6: =$C6/6*(G6^2+H6^2/4) -> 2.3979333 | J6: =CHIDIST(I6,2) -> 0.30150561 | K6: =IF(J6<0.05,"위반","충족") -> 충족 | L6: =AVERAGEIFS('01_원자료'!$AA$2:$AA$976,'01_원자료'!$B$2:$B$976,$A6,'01_원자료'!$C$2:$C$976,$B6) -> 0.032917357
A7: chatgpt | B7: qwen | C7: =COUNTIFS('01_원자료'!$B$2:$B$976,$A7,'01_원자료'!$C$2:$C$976,$B7) -> 65 | D7: =AVERAGEIFS('01_원자료'!$S$2:$S$976,'01_원자료'!$B$2:$B$976,$A7,'01_원자료'!$C$2:$C$976,$B7) -> 0.55645248 | E7: =SUMPRODUCT(('01_원자료'!$B$2:$B$976=$A7)*('01_원자료'!$C$2:$C$976=$B7)*('01_원자료'!$Z$2:$Z$976=($C7+1)/2)*'01_원자료'!$S$2:$S$976) -> 0.55302352 | F7: =SQRT(SUMPRODUCT(('01_원자료'!$B$2:$B$976=$A7)*('01_원자료'!$C$2:$C$976=$B7)*('01_원자료'!$S$2:$S$976-$D7)^2)/($C7-1)) -> 0.046617746 | G7: =$C7/(($C7-1)*($C7-2))*SUMPRODUCT(('01_원자료'!$B$2:$B$976=$A7)*('01_원자료'!$C$2:$C$976=$B7)*(('01_원자료'!$S$2:$S$976-$D7)/$F7)^3) -> -3.2379918 | H7: =$C7*($C7+1)/(($C7-1)*($C7-2)*($C7-3))*SUMPRODUCT(('01_원자료'!$B$2:$B$976=$A7)*('01_원자료'!$C$2:$C$976=$B7)*(('01_원자료'!$S$2:$S$976-$D7)/$F7)^4)-3*($C7-1)^2/(($C7-2)*($C7-3)) -> 20.287034 | I7: =$C7/6*(G7^2+H7^2/4) -> 1228.2349 | J7: =CHIDIST(I7,2) -> 1.9596933e-267 | K7: =IF(J7<0.05,"위반","충족") -> 위반 | L7: =AVERAGEIFS('01_원자료'!$AA$2:$AA$976,'01_원자료'!$B$2:$B$976,$A7,'01_원자료'!$C$2:$C$976,$B7) -> 0.027574558
A8: claude | B8: gemma | C8: =COUNTIFS('01_원자료'!$B$2:$B$976,$A8,'01_원자료'!$C$2:$C$976,$B8) -> 65 | D8: =AVERAGEIFS('01_원자료'!$S$2:$S$976,'01_원자료'!$B$2:$B$976,$A8,'01_원자료'!$C$2:$C$976,$B8) -> 0.6313027 | E8: =SUMPRODUCT(('01_원자료'!$B$2:$B$976=$A8)*('01_원자료'!$C$2:$C$976=$B8)*('01_원자료'!$Z$2:$Z$976=($C8+1)/2)*'01_원자료'!$S$2:$S$976) -> 0.62804896 | F8: =SQRT(SUMPRODUCT(('01_원자료'!$B$2:$B$976=$A8)*('01_원자료'!$C$2:$C$976=$B8)*('01_원자료'!$S$2:$S$976-$D8)^2)/($C8-1)) -> 0.026953734 | G8: =$C8/(($C8-1)*($C8-2))*SUMPRODUCT(('01_원자료'!$B$2:$B$976=$A8)*('01_원자료'!$C$2:$C$976=$B8)*(('01_원자료'!$S$2:$S$976-$D8)/$F8)^3) -> 0.68734435 | H8: =$C8*($C8+1)/(($C8-1)*($C8-2)*($C8-3))*SUMPRODUCT(('01_원자료'!$B$2:$B$976=$A8)*('01_원자료'!$C$2:$C$976=$B8)*(('01_원자료'!$S$2:$S$976-$D8)/$F8)^4)-3*($C8-1)^2/(($C8-2)*($C8-3)) -> 0.13944681 | I8: =$C8/6*(G8^2+H8^2/4) -> 5.1707891 | J8: =CHIDIST(I8,2) -> 0.075366338 | K8: =IF(J8<0.05,"위반","충족") -> 충족 | L8: =AVERAGEIFS('01_원자료'!$AA$2:$AA$976,'01_원자료'!$B$2:$B$976,$A8,'01_원자료'!$C$2:$C$976,$B8) -> 0.021179057
A9: claude | B9: ministral | C9: =COUNTIFS('01_원자료'!$B$2:$B$976,$A9,'01_원자료'!$C$2:$C$976,$B9) -> 65 | D9: =AVERAGEIFS('01_원자료'!$S$2:$S$976,'01_원자료'!$B$2:$B$976,$A9,'01_원자료'!$C$2:$C$976,$B9) -> 0.57489078 | E9: =SUMPRODUCT(('01_원자료'!$B$2:$B$976=$A9)*('01_원자료'!$C$2:$C$976=$B9)*('01_원자료'!$Z$2:$Z$976=($C9+1)/2)*'01_원자료'!$S$2:$S$976) -> 0.59082885 | F9: =SQRT(SUMPRODUCT(('01_원자료'!$B$2:$B$976=$A9)*('01_원자료'!$C$2:$C$976=$B9)*('01_원자료'!$S$2:$S$976-$D9)^2)/($C9-1)) -> 0.048893035 | G9: =$C9/(($C9-1)*($C9-2))*SUMPRODUCT(('01_원자료'!$B$2:$B$976=$A9)*('01_원자료'!$C$2:$C$976=$B9)*(('01_원자료'!$S$2:$S$976-$D9)/$F9)^3) -> -0.1349036 | H9: =$C9*($C9+1)/(($C9-1)*($C9-2)*($C9-3))*SUMPRODUCT(('01_원자료'!$B$2:$B$976=$A9)*('01_원자료'!$C$2:$C$976=$B9)*(('01_원자료'!$S$2:$S$976-$D9)/$F9)^4)-3*($C9-1)^2/(($C9-2)*($C9-3)) -> -1.5226316 | I9: =$C9/6*(G9^2+H9^2/4) -> 6.4761749 | J9: =CHIDIST(I9,2) -> 0.03923887 | K9: =IF(J9<0.05,"위반","충족") -> 위반 | L9: =AVERAGEIFS('01_원자료'!$AA$2:$AA$976,'01_원자료'!$B$2:$B$976,$A9,'01_원자료'!$C$2:$C$976,$B9) -> 0.044008154
A10: claude | B10: qwen | C10: =COUNTIFS('01_원자료'!$B$2:$B$976,$A10,'01_원자료'!$C$2:$C$976,$B10) -> 65 | D10: =AVERAGEIFS('01_원자료'!$S$2:$S$976,'01_원자료'!$B$2:$B$976,$A10,'01_원자료'!$C$2:$C$976,$B10) -> 0.65842301 | E10: =SUMPRODUCT(('01_원자료'!$B$2:$B$976=$A10)*('01_원자료'!$C$2:$C$976=$B10)*('01_원자료'!$Z$2:$Z$976=($C10+1)/2)*'01_원자료'!$S$2:$S$976) -> 0.66367732 | F10: =SQRT(SUMPRODUCT(('01_원자료'!$B$2:$B$976=$A10)*('01_원자료'!$C$2:$C$976=$B10)*('01_원자료'!$S$2:$S$976-$D10)^2)/($C10-1)) -> 0.054538232 | G10: =$C10/(($C10-1)*($C10-2))*SUMPRODUCT(('01_원자료'!$B$2:$B$976=$A10)*('01_원자료'!$C$2:$C$976=$B10)*(('01_원자료'!$S$2:$S$976-$D10)/$F10)^3) -> -4.6580083 | H10: =$C10*($C10+1)/(($C10-1)*($C10-2)*($C10-3))*SUMPRODUCT(('01_원자료'!$B$2:$B$976=$A10)*('01_원자료'!$C$2:$C$976=$B10)*(('01_원자료'!$S$2:$S$976-$D10)/$F10)^4)-3*($C10-1)^2/(($C10-2)*($C10-3)) -> 30.427155 | I10: =$C10/6*(G10^2+H10^2/4) -> 2742.4582 | J10: =CHIDIST(I10,2) -> 0 | K10: =IF(J10<0.05,"위반","충족") -> 위반 | L10: =AVERAGEIFS('01_원자료'!$AA$2:$AA$976,'01_원자료'!$B$2:$B$976,$A10,'01_원자료'!$C$2:$C$976,$B10) -> 0.029790732
A11: gemini | B11: gemma | C11: =COUNTIFS('01_원자료'!$B$2:$B$976,$A11,'01_원자료'!$C$2:$C$976,$B11) -> 65 | D11: =AVERAGEIFS('01_원자료'!$S$2:$S$976,'01_원자료'!$B$2:$B$976,$A11,'01_원자료'!$C$2:$C$976,$B11) -> 0.71765179 | E11: =SUMPRODUCT(('01_원자료'!$B$2:$B$976=$A11)*('01_원자료'!$C$2:$C$976=$B11)*('01_원자료'!$Z$2:$Z$976=($C11+1)/2)*'01_원자료'!$S$2:$S$976) -> 0.72943207 | F11: =SQRT(SUMPRODUCT(('01_원자료'!$B$2:$B$976=$A11)*('01_원자료'!$C$2:$C$976=$B11)*('01_원자료'!$S$2:$S$976-$D11)^2)/($C11-1)) -> 0.042246046 | G11: =$C11/(($C11-1)*($C11-2))*SUMPRODUCT(('01_원자료'!$B$2:$B$976=$A11)*('01_원자료'!$C$2:$C$976=$B11)*(('01_원자료'!$S$2:$S$976-$D11)/$F11)^3) -> -4.6018092 | H11: =$C11*($C11+1)/(($C11-1)*($C11-2)*($C11-3))*SUMPRODUCT(('01_원자료'!$B$2:$B$976=$A11)*('01_원자료'!$C$2:$C$976=$B11)*(('01_원자료'!$S$2:$S$976-$D11)/$F11)^4)-3*($C11-1)^2/(($C11-2)*($C11-3)) -> 28.926158 | I11: =$C11/6*(G11^2+H11^2/4) -> 2495.5375 | J11: =CHIDIST(I11,2) -> 0 | K11: =IF(J11<0.05,"위반","충족") -> 위반 | L11: =AVERAGEIFS('01_원자료'!$AA$2:$AA$976,'01_원자료'!$B$2:$B$976,$A11,'01_원자료'!$C$2:$C$976,$B11) -> 0.022974666
A12: gemini | B12: ministral | C12: =COUNTIFS('01_원자료'!$B$2:$B$976,$A12,'01_원자료'!$C$2:$C$976,$B12) -> 65 | D12: =AVERAGEIFS('01_원자료'!$S$2:$S$976,'01_원자료'!$B$2:$B$976,$A12,'01_원자료'!$C$2:$C$976,$B12) -> 0.57939907 | E12: =SUMPRODUCT(('01_원자료'!$B$2:$B$976=$A12)*('01_원자료'!$C$2:$C$976=$B12)*('01_원자료'!$Z$2:$Z$976=($C12+1)/2)*'01_원자료'!$S$2:$S$976) -> 0.59857949 | F12: =SQRT(SUMPRODUCT(('01_원자료'!$B$2:$B$976=$A12)*('01_원자료'!$C$2:$C$976=$B12)*('01_원자료'!$S$2:$S$976-$D12)^2)/($C12-1)) -> 0.050485672 | G12: =$C12/(($C12-1)*($C12-2))*SUMPRODUCT(('01_원자료'!$B$2:$B$976=$A12)*('01_원자료'!$C$2:$C$976=$B12)*(('01_원자료'!$S$2:$S$976-$D12)/$F12)^3) -> -0.58675539 | H12: =$C12*($C12+1)/(($C12-1)*($C12-2)*($C12-3))*SUMPRODUCT(('01_원자료'!$B$2:$B$976=$A12)*('01_원자료'!$C$2:$C$976=$B12)*(('01_원자료'!$S$2:$S$976-$D12)/$F12)^4)-3*($C12-1)^2/(($C12-2)*($C12-3)) -> 0.33680202 | I12: =$C12/6*(G12^2+H12^2/4) -> 4.0369419 | J12: =CHIDIST(I12,2) -> 0.13285846 | K12: =IF(J12<0.05,"위반","충족") -> 충족 | L12: =AVERAGEIFS('01_원자료'!$AA$2:$AA$976,'01_원자료'!$B$2:$B$976,$A12,'01_원자료'!$C$2:$C$976,$B12) -> 0.043405892
A13: gemini | B13: qwen | C13: =COUNTIFS('01_원자료'!$B$2:$B$976,$A13,'01_원자료'!$C$2:$C$976,$B13) -> 65 | D13: =AVERAGEIFS('01_원자료'!$S$2:$S$976,'01_원자료'!$B$2:$B$976,$A13,'01_원자료'!$C$2:$C$976,$B13) -> 0.68823698 | E13: =SUMPRODUCT(('01_원자료'!$B$2:$B$976=$A13)*('01_원자료'!$C$2:$C$976=$B13)*('01_원자료'!$Z$2:$Z$976=($C13+1)/2)*'01_원자료'!$S$2:$S$976) -> 0.69231984 | F13: =SQRT(SUMPRODUCT(('01_원자료'!$B$2:$B$976=$A13)*('01_원자료'!$C$2:$C$976=$B13)*('01_원자료'!$S$2:$S$976-$D13)^2)/($C13-1)) -> 0.070731189 | G13: =$C13/(($C13-1)*($C13-2))*SUMPRODUCT(('01_원자료'!$B$2:$B$976=$A13)*('01_원자료'!$C$2:$C$976=$B13)*(('01_원자료'!$S$2:$S$976-$D13)/$F13)^3) -> -2.9477042 | H13: =$C13*($C13+1)/(($C13-1)*($C13-2)*($C13-3))*SUMPRODUCT(('01_원자료'!$B$2:$B$976=$A13)*('01_원자료'!$C$2:$C$976=$B13)*(('01_원자료'!$S$2:$S$976-$D13)/$F13)^4)-3*($C13-1)^2/(($C13-2)*($C13-3)) -> 13.834347 | I13: =$C13/6*(G13^2+H13^2/4) -> 612.47603 | J13: =CHIDIST(I13,2) -> 1.0058212e-133 | K13: =IF(J13<0.05,"위반","충족") -> 위반 | L13: =AVERAGEIFS('01_원자료'!$AA$2:$AA$976,'01_원자료'!$B$2:$B$976,$A13,'01_원자료'!$C$2:$C$976,$B13) -> 0.042879615
A14: mistral | B14: gemma | C14: =COUNTIFS('01_원자료'!$B$2:$B$976,$A14,'01_원자료'!$C$2:$C$976,$B14) -> 65 | D14: =AVERAGEIFS('01_원자료'!$S$2:$S$976,'01_원자료'!$B$2:$B$976,$A14,'01_원자료'!$C$2:$C$976,$B14) -> 0.62288162 | E14: =SUMPRODUCT(('01_원자료'!$B$2:$B$976=$A14)*('01_원자료'!$C$2:$C$976=$B14)*('01_원자료'!$Z$2:$Z$976=($C14+1)/2)*'01_원자료'!$S$2:$S$976) -> 0.63935295 | F14: =SQRT(SUMPRODUCT(('01_원자료'!$B$2:$B$976=$A14)*('01_원자료'!$C$2:$C$976=$B14)*('01_원자료'!$S$2:$S$976-$D14)^2)/($C14-1)) -> 0.043075519 | G14: =$C14/(($C14-1)*($C14-2))*SUMPRODUCT(('01_원자료'!$B$2:$B$976=$A14)*('01_원자료'!$C$2:$C$976=$B14)*(('01_원자료'!$S$2:$S$976-$D14)/$F14)^3) -> -0.47691921 | H14: =$C14*($C14+1)/(($C14-1)*($C14-2)*($C14-3))*SUMPRODUCT(('01_원자료'!$B$2:$B$976=$A14)*('01_원자료'!$C$2:$C$976=$B14)*(('01_원자료'!$S$2:$S$976-$D14)/$F14)^4)-3*($C14-1)^2/(($C14-2)*($C14-3)) -> -1.1682312 | I14: =$C14/6*(G14^2+H14^2/4) -> 6.1602987 | J14: =CHIDIST(I14,2) -> 0.045952393 | K14: =IF(J14<0.05,"위반","충족") -> 위반 | L14: =AVERAGEIFS('01_원자료'!$AA$2:$AA$976,'01_원자료'!$B$2:$B$976,$A14,'01_원자료'!$C$2:$C$976,$B14) -> 0.036658073
A15: mistral | B15: ministral | C15: =COUNTIFS('01_원자료'!$B$2:$B$976,$A15,'01_원자료'!$C$2:$C$976,$B15) -> 65 | D15: =AVERAGEIFS('01_원자료'!$S$2:$S$976,'01_원자료'!$B$2:$B$976,$A15,'01_원자료'!$C$2:$C$976,$B15) -> 0.58122328 | E15: =SUMPRODUCT(('01_원자료'!$B$2:$B$976=$A15)*('01_원자료'!$C$2:$C$976=$B15)*('01_원자료'!$Z$2:$Z$976=($C15+1)/2)*'01_원자료'!$S$2:$S$976) -> 0.58692194 | F15: =SQRT(SUMPRODUCT(('01_원자료'!$B$2:$B$976=$A15)*('01_원자료'!$C$2:$C$976=$B15)*('01_원자료'!$S$2:$S$976-$D15)^2)/($C15-1)) -> 0.0526748 | G15: =$C15/(($C15-1)*($C15-2))*SUMPRODUCT(('01_원자료'!$B$2:$B$976=$A15)*('01_원자료'!$C$2:$C$976=$B15)*(('01_원자료'!$S$2:$S$976-$D15)/$F15)^3) -> 0.10064394 | H15: =$C15*($C15+1)/(($C15-1)*($C15-2)*($C15-3))*SUMPRODUCT(('01_원자료'!$B$2:$B$976=$A15)*('01_원자료'!$C$2:$C$976=$B15)*(('01_원자료'!$S$2:$S$976-$D15)/$F15)^4)-3*($C15-1)^2/(($C15-2)*($C15-3)) -> -0.70855896 | I15: =$C15/6*(G15^2+H15^2/4) -> 1.4694675 | J15: =CHIDIST(I15,2) -> 0.47963315 | K15: =IF(J15<0.05,"위반","충족") -> 충족 | L15: =AVERAGEIFS('01_원자료'!$AA$2:$AA$976,'01_원자료'!$B$2:$B$976,$A15,'01_원자료'!$C$2:$C$976,$B15) -> 0.04301052
A16: mistral | B16: qwen | C16: =COUNTIFS('01_원자료'!$B$2:$B$976,$A16,'01_원자료'!$C$2:$C$976,$B16) -> 65 | D16: =AVERAGEIFS('01_원자료'!$S$2:$S$976,'01_원자료'!$B$2:$B$976,$A16,'01_원자료'!$C$2:$C$976,$B16) -> 0.63138887 | E16: =SUMPRODUCT(('01_원자료'!$B$2:$B$976=$A16)*('01_원자료'!$C$2:$C$976=$B16)*('01_원자료'!$Z$2:$Z$976=($C16+1)/2)*'01_원자료'!$S$2:$S$976) -> 0.63560619 | F16: =SQRT(SUMPRODUCT(('01_원자료'!$B$2:$B$976=$A16)*('01_원자료'!$C$2:$C$976=$B16)*('01_원자료'!$S$2:$S$976-$D16)^2)/($C16-1)) -> 0.05798741 | G16: =$C16/(($C16-1)*($C16-2))*SUMPRODUCT(('01_원자료'!$B$2:$B$976=$A16)*('01_원자료'!$C$2:$C$976=$B16)*(('01_원자료'!$S$2:$S$976-$D16)/$F16)^3) -> -3.5033949 | H16: =$C16*($C16+1)/(($C16-1)*($C16-2)*($C16-3))*SUMPRODUCT(('01_원자료'!$B$2:$B$976=$A16)*('01_원자료'!$C$2:$C$976=$B16)*(('01_원자료'!$S$2:$S$976-$D16)/$F16)^4)-3*($C16-1)^2/(($C16-2)*($C16-3)) -> 19.772208 | I16: =$C16/6*(G16^2+H16^2/4) -> 1191.7623 | J16: =CHIDIST(I16,2) -> 1.6296564e-259 | K16: =IF(J16<0.05,"위반","충족") -> 위반 | L16: =AVERAGEIFS('01_원자료'!$AA$2:$AA$976,'01_원자료'!$B$2:$B$976,$A16,'01_원자료'!$C$2:$C$976,$B16) -> 0.0357691
... A19: qwen3_6 | B19: qwen | C19: =COUNTIFS('01_원자료'!$B$2:$B$976,$A19,'01_원자료'!$C$2:$C$976,$B19) -> 65 | D19: =AVERAGEIFS('01_원자료'!$S$2:$S$976,'01_원자료'!$B$2:$B$976,$A19,'01_원자료'!$C$2:$C$976,$B19) -> 0.68241873 | E19: =SUMPRODUCT(('01_원자료'!$B$2:$B$976=$A19)*('01_원자료'!$C$2:$C$976=$B19)*('01_원자료'!$Z$2:$Z$976=($C19+1)/2)*'01_원자료'!$S$2:$S$976) -> 0.6856298 | F19: =SQRT(SUMPRODUCT(('01_원자료'!$B$2:$B$976=$A19)*('01_원자료'!$C$2:$C$976=$B19)*('01_원자료'!$S$2:$S$976-$D19)^2)/($C19-1)) -> 0.063963721 | G19: =$C19/(($C19-1)*($C19-2))*SUMPRODUCT(('01_원자료'!$B$2:$B$976=$A19)*('01_원자료'!$C$2:$C$976=$B19)*(('01_원자료'!$S$2:$S$976-$D19)/$F19)^3) -> -3.140102 | H19: =$C19*($C19+1)/(($C19-1)*($C19-2)*($C19-3))*SUMPRODUCT(('01_원자료'!$B$2:$B$976=$A19)*('01_원자료'!$C$2:$C$976=$B19)*(('01_원자료'!$S$2:$S$976-$D19)/$F19)^4)-3*($C19-1)^2/(($C19-2)*($C19-3)) -> 18.60685 | I19: =$C19/6*(G19^2+H19^2/4) -> 1044.4846 | J19: =CHIDIST(I19,2) -> 1.5597466e-227 | K19: =IF(J19<0.05,"위반","충족") -> 위반 | L19: =AVERAGEIFS('01_원자료'!$AA$2:$AA$976,'01_원자료'!$B$2:$B$976,$A19,'01_원자료'!$C$2:$C$976,$B19) -> 0.040866768
A21: 2단계: 정규성 요약
A22: Jarque-Bera 위반 셀 수 | C22: =COUNTIF(K5:K19,"위반")&" / "&COUNTA(K5:K19) -> 10 / 15
A23: Shapiro-Wilk 위반 셀 수 | C23: 13 / 15 | D23: ← 엑셀 재현 불가, 외부 계산값(scipy 1.11)
A24: Jarque-Bera는 왜도와 첨도만으로 정규성을 검정하므로 엑셀 수식으로 완전히 재현되지만, n=65 규모에서는 Shapiro-Wilk보다 검정력이 낮다. 두 검정의 위반 셀 수가 다른 것은 이 검정력 차이 때문이며, 결론(다수 셀에서 정규성 위반)은 동일하다.
A25: 논문은 Shapiro-Wilk 결과를 보고한다. 위반 정도가 가장 심한 셀은 qwen 열이며, 왜도가 −3 이하이고 초과첨도가 +13 이상으로 좌측 꼬리가 매우 긴 분포를 보인다.
A27: 3단계: 등분산성 — Levene 검정 (중앙값 기준, Brown-Forsythe)
A28: Z_ij = |y_ij − 셀 중앙값| 로 변환한 뒤 Z에 대한 일원분산분석을 수행한다. 중앙값을 중심으로 삼는 변형은 정규성이 위반된 자료에서 표준 권고이며 scipy.stats.levene의 기본값이다.
A29: k (집단 수) | B29: =COUNTA(A5:A19) -> 15 | D29: 15개 셀
A30: N (총 관측수) | B30: =COUNT('01_원자료'!$AA$2:$AA$976) -> 975 | D30: 975
A31: Z 전체평균 | B31: =AVERAGE('01_원자료'!$AA$2:$AA$976) -> 0.033457018 | D31: 모든 Z의 평균
A32: SS_between | B32: =65*SUMPRODUCT((L5:L19-B31)^2) -> 0.082969249 | D32: n·Σ(Z̄_j − Z̄)²
A33: SS_total | B33: =SUMPRODUCT(('01_원자료'!$AA$2:$AA$976-B31)^2) -> 1.2293636 | D33: Σ(Z − Z̄)²
A34: SS_within | B34: =B33-B32 -> 1.1463944 | D34: SS_total − SS_between
A35: df1 | B35: =B29-1 -> 14 | D35: k − 1
A36: df2 | B36: =B30-B29 -> 960 | D36: N − k
A37: F | B37: =(B32/B35)/(B34/B36) -> 4.9627947 | D37: (SS_b/df1) / (SS_w/df2)
A38: p | B38: =FDIST(B37,B35,B36) -> 5.4632829e-09 | D38: FDIST
A39: 등분산성 | B39: =IF(B38<0.05,"위반","충족") -> 위반
A41: 4단계: 전체 잔차의 정규성 (잔차 = y − 셀평균, 01_원자료 AB열)
A42: n | B42: =COUNT('01_원자료'!$AB$2:$AB$976) -> 975
A43: 왜도 | B43: =SKEW('01_원자료'!$AB$2:$AB$976) -> -2.3995564
A44: 첨도(초과) | B44: =KURT('01_원자료'!$AB$2:$AB$976) -> 15.849145
A45: Jarque-Bera | B45: =B42/6*(B43^2+B44^2/4) -> 11140.468
A46: p | B46: =CHIDIST(B45,2) -> 0
A47: Shapiro-Wilk W | B47: 0.8491 | D47: ← 엑셀 재현 불가, 외부 계산값(scipy 1.11), p<.001
A49: 결론
A50: 정규성과 등분산성이 모두 위반되었다. 따라서 이원분산분석의 p값은 그대로 신뢰할 수 없으며, 본 연구는 (1) 문서를 무작위 효과로 둔 혼합모형을 주 분석으로 삼고, (2) Kruskal-Wallis 비모수 검정으로 주효과의 결론을 교차 확인하며, (3) 이원분산분석은 효과 크기(η²) 산출과 방향 확인에만 사용한다.
A51: 표본이 N=975로 충분히 크고 세 접근이 동일한 결론을 주므로, 가정 위반이 결론의 방향을 바꾸지는 않는다. 다만 극단적으로 작은 p값은 과장될 수 있어 논문은 p<.001로 통일 표기한다.

Sheet 06_ICC
A1: 문서 효과 분리와 급내상관 ICC (논문 4.2 강건성 확인)
A2: 같은 문서가 15개 조합에 반복 등장하므로, 문서 자체의 난이도 차이를 분산성분으로 분리한다.
A4: 적률법(method of moments)에 의한 분산성분 추정
A5: 모형: y_ijk = μ + α_i(레퍼런스) + β_j(모델) + (αβ)_ij + d_k(문서, 확률효과) + e_ijk
A6: 균형설계이므로 혼합모형(LMM)의 REML 추정치와 아래 적률 추정치가 일치한다.
A8: SS_문서 | B8: =15*SUMPRODUCT(('11_문서단위'!$B$5:$B$69-'05_이원분산분석'!$B$10)^2) -> 0.70623272 | C8: SS_D = k·Σ_k (문서평균_k − G)², k=15
A9: SS_잔차 | B9: ='05_이원분산분석'!B17-'05_이원분산분석'!B13-'05_이원분산분석'!B14-'05_이원분산분석'!B15-B8 -> 1.518132 | C9: SS_R = SS_T − SS_A − SS_B − SS_AB − SS_D
A10: df_문서 | B10: ='04_교차표'!B11-1 -> 64 | C10: r − 1 = 64
A11: df_잔차 | B11: =(('04_교차표'!B11)-1)*(5*3-1) -> 896 | C11: (r−1)(ab−1) = 64 × 14 = 896
A12: MS_문서 | B12: =B8/B10 -> 0.011034886 | C12: SS_D / df_D
A13: MS_잔차 | B13: =B9/B11 -> 0.0016943438 | C13: SS_R / df_R
A14: sigma²_문서 | B14: =(B12-B13)/15 -> 0.00062270283 | C14: (MS_D − MS_R) / k
A15: sigma²_잔차 | B15: =B13 -> 0.0016943438 | C15: ← MS_R 과 동일
A16: ICC | B16: =B14/(B14+B15) -> 0.26874851 | C16: σ²_문서 / (σ²_문서 + σ²_잔차)
A18: ICC 해석: 총 잔여변동 중 문서 자체의 난이도 차이가 차지하는 몫. ICC≈0.27은 같은 문서에 대한 15개 점수가 서로 중간 정도로 닮았다는 뜻이며, 레퍼런스·모델 효과를 제거하고도 문서 단위 군집이 남아 있음을 보여준다.
A19: 중요: ICC가 0이 아니므로 관측치 975개를 독립표본으로 간주할 수 없다. 그럼에도 05의 결론(레퍼런스 효과 > 모델 효과)은 혼합모형과 Kruskal-Wallis(08)에서 동일하게 유지된다.
A21: 혼합모형(LMM) 교차확인 — 엑셀 재현 불가, 참고값
A22: 항목 | B22: 값 | C22: 비고
A23: 추정 방법 | B23: REML (statsmodels MixedLM) | C23: 문서 확률절편 + 레퍼런스×모델 고정효과
A24: sigma²_문서 | B24: 0.000623 | C24: B14와 일치
A25: sigma²_잔차 | B25: 0.001694 | C25: B15와 일치
A26: ICC | B26: 0.2687 | C26: B16과 일치
A27: 동일계열 계수 | B27: 0.0288 | C27: SE 0.0040, p<.001 → 10_계열편향 참조
A29: LMM은 엑셀에서 직접 계산할 수 없으나, 균형설계에서는 위 적률법 결과와 수치가 일치하므로 B8:B16의 수식만으로 ICC를 완전히 재현할 수 있다.

Sheet 07_관대함변별력
A1: 표 4. 레퍼런스별 점수 변동성 분해 — 관대함과 변별력 두 축
A2: 레퍼런스는 (1) 평균 점수를 얼마나 후하게 주는가(관대함), (2) 모델 간 점수를 얼마나 벌리는가(변별력)로 기술된다.
A4: reference_model | B4: 표시명 | C4: 평균(관대함) | D4: 표준편차 | E4: CV(%) | F4: 최고 모델 | G4: 최저 모델 | H4: 변별폭(최고-최저) | I4: 모델간 분산 비중(%)
A5: chatgpt | B5: ChatGPT | C5: ='04_교차표'!E5 -> 0.54551756 | D5: =SQRT(SUMPRODUCT(('01_원자료'!$B$2:$B$976=$A5)*('01_원자료'!$S$2:$S$976-$C5)^2)/(COUNTIF('01_원자료'!$B$2:$B$976,$A5)-1)) -> 0.039984658 | E5: =D5/C5*100 -> 7.3296739 | F5: =INDEX('04_교차표'!$B$4:$D$4,MATCH(MAX('04_교차표'!B5:D5),'04_교차표'!B5:D5,0)) -> qwen | G5: =INDEX('04_교차표'!$B$4:$D$4,MATCH(MIN('04_교차표'!B5:D5),'04_교차표'!B5:D5,0)) -> ministral | H5: =MAX('04_교차표'!B5:D5)-MIN('04_교차표'!B5:D5) -> 0.028903451 | I5: =65*SUMPRODUCT(('04_교차표'!B5:D5-'04_교차표'!E5)^2)/SUMPRODUCT(('01_원자료'!$B$2:$B$976=$A5)*('01_원자료'!$S$2:$S$976-'04_교차표'!E5)^2)*100 -> 10.308902
A6: claude | B6: Claude | C6: ='04_교차표'!E6 -> 0.62153883 | D6: =SQRT(SUMPRODUCT(('01_원자료'!$B$2:$B$976=$A6)*('01_원자료'!$S$2:$S$976-$C6)^2)/(COUNTIF('01_원자료'!$B$2:$B$976,$A6)-1)) -> 0.05680138 | E6: =D6/C6*100 -> 9.1388305 | F6: =INDEX('04_교차표'!$B$4:$D$4,MATCH(MAX('04_교차표'!B6:D6),'04_교차표'!B6:D6,0)) -> qwen | G6: =INDEX('04_교차표'!$B$4:$D$4,MATCH(MIN('04_교차표'!B6:D6),'04_교차표'!B6:D6,0)) -> ministral | H6: =MAX('04_교차표'!B6:D6)-MIN('04_교차표'!B6:D6) -> 0.083532232 | I6: =65*SUMPRODUCT(('04_교차표'!B6:D6-'04_교차표'!E6)^2)/SUMPRODUCT(('01_원자료'!$B$2:$B$976=$A6)*('01_원자료'!$S$2:$S$976-'04_교차표'!E6)^2)*100 -> 37.715318
A7: gemini | B7: Gemini | C7: ='04_교차표'!E7 -> 0.66176261 | D7: =SQRT(SUMPRODUCT(('01_원자료'!$B$2:$B$976=$A7)*('01_원자료'!$S$2:$S$976-$C7)^2)/(COUNTIF('01_원자료'!$B$2:$B$976,$A7)-1)) -> 0.081451636 | E7: =D7/C7*100 -> 12.308286 | F7: =INDEX('04_교차표'!$B$4:$D$4,MATCH(MAX('04_교차표'!B7:D7),'04_교차표'!B7:D7,0)) -> gemma | G7: =INDEX('04_교차표'!$B$4:$D$4,MATCH(MIN('04_교차표'!B7:D7),'04_교차표'!B7:D7,0)) -> ministral | H7: =MAX('04_교차표'!B7:D7)-MIN('04_교차표'!B7:D7) -> 0.13825272 | I7: =65*SUMPRODUCT(('04_교차표'!B7:D7-'04_교차표'!E7)^2)/SUMPRODUCT(('01_원자료'!$B$2:$B$976=$A7)*('01_원자료'!$S$2:$S$976-'04_교차표'!E7)^2)*100 -> 53.57418
A8: mistral | B8: Mistral | C8: ='04_교차표'!E8 -> 0.61183125 | D8: =SQRT(SUMPRODUCT(('01_원자료'!$B$2:$B$976=$A8)*('01_원자료'!$S$2:$S$976-$C8)^2)/(COUNTIF('01_원자료'!$B$2:$B$976,$A8)-1)) -> 0.055854469 | E8: =D8/C8*100 -> 9.1290644 | F8: =INDEX('04_교차표'!$B$4:$D$4,MATCH(MAX('04_교차표'!B8:D8),'04_교차표'!B8:D8,0)) -> qwen | G8: =INDEX('04_교차표'!$B$4:$D$4,MATCH(MIN('04_교차표'!B8:D8),'04_교차표'!B8:D8,0)) -> ministral | H8: =MAX('04_교차표'!B8:D8)-MIN('04_교차표'!B8:D8) -> 0.05016559 | I8: =65*SUMPRODUCT(('04_교차표'!B8:D8-'04_교차표'!E8)^2)/SUMPRODUCT(('01_원자료'!$B$2:$B$976=$A8)*('01_원자료'!$S$2:$S$976-'04_교차표'!E8)^2)*100 -> 15.480968
A9: qwen3_6 | B9: Qwen3.6 | C9: ='04_교차표'!E9 -> 0.65009193 | D9: =SQRT(SUMPRODUCT(('01_원자료'!$B$2:$B$976=$A9)*('01_원자료'!$S$2:$S$976-$C9)^2)/(COUNTIF('01_원자료'!$B$2:$B$976,$A9)-1)) -> 0.080658585 | E9: =D9/C9*100 -> 12.407258 | F9: =INDEX('04_교차표'!$B$4:$D$4,MATCH(MAX('04_교차표'!B9:D9),'04_교차표'!B9:D9,0)) -> gemma | G9: =INDEX('04_교차표'!$B$4:$D$4,MATCH(MIN('04_교차표'!B9:D9),'04_교차표'!B9:D9,0)) -> ministral | H9: =MAX('04_교차표'!B9:D9)-MIN('04_교차표'!B9:D9) -> 0.14811384 | I9: =65*SUMPRODUCT(('04_교차표'!B9:D9-'04_교차표'!E9)^2)/SUMPRODUCT(('01_원자료'!$B$2:$B$976=$A9)*('01_원자료'!$S$2:$S$976-'04_교차표'!E9)^2)*100 -> 64.562878
A11: 산식
A12: 변별폭 = 해당 레퍼런스 기준으로 매긴 3개 모델 평균의 최댓값 − 최솟값. 레퍼런스가 모델을 얼마나 벌려놓는지를 원 점수 단위로 나타낸다.
A13: 모델간 분산 비중 = r·Σ_j(셀_ij − 행평균_i)² / Σ(y − 행평균_i)² × 100. 해당 레퍼런스 안에서 발생한 총변동 중 "모델이 달라서" 생긴 몫의 백분율이며, 나머지는 문서 차이와 잔차다.
A15: 해석: ChatGPT는 가장 박하면서(0.5455) 모델을 거의 구분하지 못한다(변별폭 0.029, 분산비중 10%). Qwen3.6은 관대한 편이면서 변별력이 가장 높다(변별폭 0.148, 65%).
A16: 두 축은 독립이다. 관대한 레퍼런스가 반드시 변별력이 높지 않고 그 역도 성립하지 않는다. CV만 보면 Gemini·Qwen3.6이 "고변동"으로 보이지만, 그 변동의 실체는 잡음이 아니라 모델을 실제로 구분해낸 신호다.

Sheet 08_KW_Holm
A1: 표 5. 모델 간 Overall Score 차이의 비모수 검정
A2: 점수 분포가 정규성을 만족하지 않으므로 순위 기반 검정을 사용한다. 순위는 01_원자료 V~Y열에서 계산된다.
A4: 1단계: Kruskal-Wallis 전체 검정
A5: H = 12/(N(N+1)) · Σ_j (R_j²/n_j) − 3(N+1). R_j = 모델 j에 속한 관측치들의 전체 순위합
A6: 모델 | B6: n_j | C6: 순위합 R_j | D6: R_j²/n_j | E6: 평균순위
A7: gemma | B7: =COUNTIF('01_원자료'!$C$2:$C$976,$A7) -> 325 | C7: =SUMPRODUCT(('01_원자료'!$C$2:$C$976=$A7)*'01_원자료'!$V$2:$V$976) -> 192727 | D7: =C7^2/B7 -> 1.142883e+08 | E7: =C7/B7 -> 593.00615
A8: ministral | B8: =COUNTIF('01_원자료'!$C$2:$C$976,$A8) -> 325 | C8: =SUMPRODUCT(('01_원자료'!$C$2:$C$976=$A8)*'01_원자료'!$V$2:$V$976) -> 89446 | D8: =C8^2/B8 -> 24617191 | E8: =C8/B8 -> 275.21846
A9: qwen | B9: =COUNTIF('01_원자료'!$C$2:$C$976,$A9) -> 325 | C9: =SUMPRODUCT(('01_원자료'!$C$2:$C$976=$A9)*'01_원자료'!$V$2:$V$976) -> 193627 | D9: =C9^2/B9 -> 1.153582e+08 | E9: =C9/B9 -> 595.77538
A10: 합계 | B10: =SUM(B7:B9) -> 975 | D10: =SUM(D7:D9) -> 2.5426369e+08
A12: N | B12: =B10 -> 975
A13: H 통계량 | B13: =12/(B12*(B12+1))*D10-3*(B12+1) -> 278.35168
A14: 자유도 | B14: =COUNTA(A7:A9)-1 -> 2
A15: p | B15: =CHIDIST(B13,B14) -> 3.603309e-61
A16: epsilon²(효과크기) | B16: =(B13-B14)/(B12-COUNTA(A7:A9)) -> 0.28431242
A17: 동점(tie)이 없는 연속 점수이므로 tie 보정계수는 1이다.
A19: 2단계: 쌍별 Mann-Whitney U 검정 + Holm-Bonferroni 보정
A20: U = R₁ − n₁(n₁+1)/2. R₁ = 두 모델만 모은 표본 내에서 모델1 관측치의 순위합 (01_원자료 W~Y열이 쌍별 순위를 계산한다)
A21: z = (U − n₁n₂/2) / sqrt(n₁n₂(n₁+n₂+1)/12), p = 2(1 − Φ(|z|))
A22: rank-biserial r = 2U/(n₁n₂) − 1. 0=차이없음, ±1=완전분리
A23: 비교 | B23: 순위열 | C23: 모델1 | D23: n₁ | E23: 모델2 | F23: n₂ | G23: R₁ | H23: U | I23: z | J23: p (원) | K23: 순위 | L23: Holm 배수 | M23: Holm p | N23: r | O23: 판정
A24: Gemma vs Ministral | B24: W열 | C24: gemma | D24: =COUNTIF('01_원자료'!$C$2:$C$976,C24) -> 325 | E24: ministral | F24: =COUNTIF('01_원자료'!$C$2:$C$976,E24) -> 325 | G24: =SUMPRODUCT(('01_원자료'!$C$2:$C$976=C24)*'01_원자료'!$W$2:$W$976) -> 139189 | H24: =G24-D24*(D24+1)/2 -> 86214 | I24: =(H24-D24*F24/2)/SQRT(D24*F24*(D24+F24+1)/12) -> 13.953487 | J24: =2*(1-NORMSDIST(ABS(I24))) -> 0 | K24: =RANK(J24,$J$24:$J$26,1) -> 1 | L24: =COUNTA($A$24:$A$26)-K24+1 -> 3 | M24: =MIN(1,MAX(J24*L24,IF(K24=1,0,MIN(1,SMALL($J$24:$J$26,K24-1)*(COUNTA($A$24:$A$26)-K24+2))))) -> 0 | N24: =2*H24/(D24*F24)-1 -> 0.63245444 | O24: =IF(M24<0.05,"유의","유의하지 않음") -> 유의
A25: Gemma vs Qwen | B25: X열 | C25: gemma | D25: =COUNTIF('01_원자료'!$C$2:$C$976,C25) -> 325 | E25: qwen | F25: =COUNTIF('01_원자료'!$C$2:$C$976,E25) -> 325 | G25: =SUMPRODUCT(('01_원자료'!$C$2:$C$976=C25)*'01_원자료'!$X$2:$X$976) -> 106513 | H25: =G25-D25*(D25+1)/2 -> 53538 | I25: =(H25-D25*F25/2)/SQRT(D25*F25*(D25+F25+1)/12) -> 0.30307784 | J25: =2*(1-NORMSDIST(ABS(I25))) -> 0.76183054 | K25: =RANK(J25,$J$24:$J$26,1) -> 3 | L25: =COUNTA($A$24:$A$26)-K25+1 -> 1 | M25: =MIN(1,MAX(J25*L25,IF(K25=1,0,MIN(1,SMALL($J$24:$J$26,K25-1)*(COUNTA($A$24:$A$26)-K25+2))))) -> 0.76183054 | N25: =2*H25/(D25*F25)-1 -> 0.013737278 | O25: =IF(M25<0.05,"유의","유의하지 않음") -> 유의하지 않음
A26: Ministral vs Qwen | B26: Y열 | C26: ministral | D26: =COUNTIF('01_원자료'!$C$2:$C$976,C26) -> 325 | E26: qwen | F26: =COUNTIF('01_원자료'!$C$2:$C$976,E26) -> 325 | G26: =SUMPRODUCT(('01_원자료'!$C$2:$C$976=C26)*'01_원자료'!$Y$2:$Y$976) -> 70035 | H26: =G26-D26*(D26+1)/2 -> 17060 | I26: =(H26-D26*F26/2)/SQRT(D26*F26*(D26+F26+1)/12) -> -14.935618 | J26: =2*(1-NORMSDIST(ABS(I26))) -> 0 | K26: =RANK(J26,$J$24:$J$26,1) -> 1 | L26: =COUNTA($A$24:$A$26)-K26+1 -> 3 | M26: =MIN(1,MAX(J26*L26,IF(K26=1,0,MIN(1,SMALL($J$24:$J$26,K26-1)*(COUNTA($A$24:$A$26)-K26+2))))) -> 0 | N26: =2*H26/(D26*F26)-1 -> -0.67697041 | O26: =IF(M26<0.05,"유의","유의하지 않음") -> 유의
A28: 해석: Ministral은 다른 두 모델보다 유의하게 낮다(|r|>0.6, 큰 효과). Gemma와 Qwen 사이에는 차이가 없다(r=+0.014, p=0.76). 즉 로컬 모델 3종은 실질적으로 2개 계층으로 나뉜다.
A29: 주의: p가 0으로 표시되는 것은 정규근사에서 |z|>13이라 배정밀도 하한 아래로 내려간 것이며, 실제로는 p<1e-40 수준이다.

Sheet 09_12지표교차표
A1: 표 6. 레퍼런스 모델별 오픈소스 LLM 12개 지표 성능 비교 (평균값)
A2: 각 셀 = 해당 (레퍼런스, 모델) 조합 문서 65건의 평균. 모두 01_원자료 D~O열에서 AVERAGEIFS로 산출.
A4: reference_model | B4: comparison_model | C4: f1_score | D4: rouge1 | E4: rouge2 | F4: rougeL | G4: bleu_score | H4: tfidf_similarity | I4: bertscore | J4: sts_score | K4: moverscore | L4: markdown_awareness_similarity | M4: teds_document_structure_similarity | N4: teds_table_structure_similarity | O4: overall_score
A5: chatgpt | B5: gemma | C5: =AVERAGEIFS('01_원자료'!$D$2:$D$976,'01_원자료'!$B$2:$B$976,$A5,'01_원자료'!$C$2:$C$976,$B5) -> 0.23860427 | D5: =AVERAGEIFS('01_원자료'!$E$2:$E$976,'01_원자료'!$B$2:$B$976,$A5,'01_원자료'!$C$2:$C$976,$B5) -> 0.32325966 | E5: =AVERAGEIFS('01_원자료'!$F$2:$F$976,'01_원자료'!$B$2:$B$976,$A5,'01_원자료'!$C$2:$C$976,$B5) -> 0.12379471 | F5: =AVERAGEIFS('01_원자료'!$G$2:$G$976,'01_원자료'!$B$2:$B$976,$A5,'01_원자료'!$C$2:$C$976,$B5) -> 0.26025904 | G5: =AVERAGEIFS('01_원자료'!$H$2:$H$976,'01_원자료'!$B$2:$B$976,$A5,'01_원자료'!$C$2:$C$976,$B5) -> 0.23998187 | H5: =AVERAGEIFS('01_원자료'!$I$2:$I$976,'01_원자료'!$B$2:$B$976,$A5,'01_원자료'!$C$2:$C$976,$B5) -> 0.22761772 | I5: =AVERAGEIFS('01_원자료'!$J$2:$J$976,'01_원자료'!$B$2:$B$976,$A5,'01_원자료'!$C$2:$C$976,$B5) -> 0.68063455 | J5: =AVERAGEIFS('01_원자료'!$K$2:$K$976,'01_원자료'!$B$2:$B$976,$A5,'01_원자료'!$C$2:$C$976,$B5) -> 0.62487777 | K5: =AVERAGEIFS('01_원자료'!$L$2:$L$976,'01_원자료'!$B$2:$B$976,$A5,'01_원자료'!$C$2:$C$976,$B5) -> 0.79777714 | L5: =AVERAGEIFS('01_원자료'!$M$2:$M$976,'01_원자료'!$B$2:$B$976,$A5,'01_원자료'!$C$2:$C$976,$B5) -> 0.49998302 | M5: =AVERAGEIFS('01_원자료'!$N$2:$N$976,'01_원자료'!$B$2:$B$976,$A5,'01_원자료'!$C$2:$C$976,$B5) -> 0.16451569 | N5: =AVERAGEIFS('01_원자료'!$O$2:$O$976,'01_원자료'!$B$2:$B$976,$A5,'01_원자료'!$C$2:$C$976,$B5) -> 0.96356275 | O5: =AVERAGEIFS('01_원자료'!$S$2:$S$976,'01_원자료'!$B$2:$B$976,$A5,'01_원자료'!$C$2:$C$976,$B5) -> 0.55255117
A6: chatgpt | B6: ministral | C6: =AVERAGEIFS('01_원자료'!$D$2:$D$976,'01_원자료'!$B$2:$B$976,$A6,'01_원자료'!$C$2:$C$976,$B6) -> 0.29667467 | D6: =AVERAGEIFS('01_원자료'!$E$2:$E$976,'01_원자료'!$B$2:$B$976,$A6,'01_원자료'!$C$2:$C$976,$B6) -> 0.30222822 | E6: =AVERAGEIFS('01_원자료'!$F$2:$F$976,'01_원자료'!$B$2:$B$976,$A6,'01_원자료'!$C$2:$C$976,$B6) -> 0.13311765 | F6: =AVERAGEIFS('01_원자료'!$G$2:$G$976,'01_원자료'!$B$2:$B$976,$A6,'01_원자료'!$C$2:$C$976,$B6) -> 0.25142404 | G6: =AVERAGEIFS('01_원자료'!$H$2:$H$976,'01_원자료'!$B$2:$B$976,$A6,'01_원자료'!$C$2:$C$976,$B6) -> 0.17830218 | H6: =AVERAGEIFS('01_원자료'!$I$2:$I$976,'01_원자료'!$B$2:$B$976,$A6,'01_원자료'!$C$2:$C$976,$B6) -> 0.31134319 | I6: =AVERAGEIFS('01_원자료'!$J$2:$J$976,'01_원자료'!$B$2:$B$976,$A6,'01_원자료'!$C$2:$C$976,$B6) -> 0.69299452 | J6: =AVERAGEIFS('01_원자료'!$K$2:$K$976,'01_원자료'!$B$2:$B$976,$A6,'01_원자료'!$C$2:$C$976,$B6) -> 0.68046064 | K6: =AVERAGEIFS('01_원자료'!$L$2:$L$976,'01_원자료'!$B$2:$B$976,$A6,'01_원자료'!$C$2:$C$976,$B6) -> 0.8222197 | L6: =AVERAGEIFS('01_원자료'!$M$2:$M$976,'01_원자료'!$B$2:$B$976,$A6,'01_원자료'!$C$2:$C$976,$B6) -> 0.45186532 | M6: =AVERAGEIFS('01_원자료'!$N$2:$N$976,'01_원자료'!$B$2:$B$976,$A6,'01_원자료'!$C$2:$C$976,$B6) -> 0.034326892 | N6: =AVERAGEIFS('01_원자료'!$O$2:$O$976,'01_원자료'!$B$2:$B$976,$A6,'01_원자료'!$C$2:$C$976,$B6) -> 0.79176326 | O6: =AVERAGEIFS('01_원자료'!$S$2:$S$976,'01_원자료'!$B$2:$B$976,$A6,'01_원자료'!$C$2:$C$976,$B6) -> 0.52754903
A7: chatgpt | B7: qwen | C7: =AVERAGEIFS('01_원자료'!$D$2:$D$976,'01_원자료'!$B$2:$B$976,$A7,'01_원자료'!$C$2:$C$976,$B7) -> 0.2855492 | D7: =AVERAGEIFS('01_원자료'!$E$2:$E$976,'01_원자료'!$B$2:$B$976,$A7,'01_원자료'!$C$2:$C$976,$B7) -> 0.39689192 | E7: =AVERAGEIFS('01_원자료'!$F$2:$F$976,'01_원자료'!$B$2:$B$976,$A7,'01_원자료'!$C$2:$C$976,$B7) -> 0.17383995 | F7: =AVERAGEIFS('01_원자료'!$G$2:$G$976,'01_원자료'!$B$2:$B$976,$A7,'01_원자료'!$C$2:$C$976,$B7) -> 0.31409519 | G7: =AVERAGEIFS('01_원자료'!$H$2:$H$976,'01_원자료'!$B$2:$B$976,$A7,'01_원자료'!$C$2:$C$976,$B7) -> 0.25914154 | H7: =AVERAGEIFS('01_원자료'!$I$2:$I$976,'01_원자료'!$B$2:$B$976,$A7,'01_원자료'!$C$2:$C$976,$B7) -> 0.3382725 | I7: =AVERAGEIFS('01_원자료'!$J$2:$J$976,'01_원자료'!$B$2:$B$976,$A7,'01_원자료'!$C$2:$C$976,$B7) -> 0.69936661 | J7: =AVERAGEIFS('01_원자료'!$K$2:$K$976,'01_원자료'!$B$2:$B$976,$A7,'01_원자료'!$C$2:$C$976,$B7) -> 0.63131786 | K7: =AVERAGEIFS('01_원자료'!$L$2:$L$976,'01_원자료'!$B$2:$B$976,$A7,'01_원자료'!$C$2:$C$976,$B7) -> 0.81185088 | L7: =AVERAGEIFS('01_원자료'!$M$2:$M$976,'01_원자료'!$B$2:$B$976,$A7,'01_원자료'!$C$2:$C$976,$B7) -> 0.47401688 | M7: =AVERAGEIFS('01_원자료'!$N$2:$N$976,'01_원자료'!$B$2:$B$976,$A7,'01_원자료'!$C$2:$C$976,$B7) -> 0.093699338 | N7: =AVERAGEIFS('01_원자료'!$O$2:$O$976,'01_원자료'!$B$2:$B$976,$A7,'01_원자료'!$C$2:$C$976,$B7) -> 0.94210526 | O7: =AVERAGEIFS('01_원자료'!$S$2:$S$976,'01_원자료'!$B$2:$B$976,$A7,'01_원자료'!$C$2:$C$976,$B7) -> 0.55645248
A8: claude | B8: gemma | C8: =AVERAGEIFS('01_원자료'!$D$2:$D$976,'01_원자료'!$B$2:$B$976,$A8,'01_원자료'!$C$2:$C$976,$B8) -> 0.23764187 | D8: =AVERAGEIFS('01_원자료'!$E$2:$E$976,'01_원자료'!$B$2:$B$976,$A8,'01_원자료'!$C$2:$C$976,$B8) -> 0.31780744 | E8: =AVERAGEIFS('01_원자료'!$F$2:$F$976,'01_원자료'!$B$2:$B$976,$A8,'01_원자료'!$C$2:$C$976,$B8) -> 0.099167777 | F8: =AVERAGEIFS('01_원자료'!$G$2:$G$976,'01_원자료'!$B$2:$B$976,$A8,'01_원자료'!$C$2:$C$976,$B8) -> 0.20918937 | G8: =AVERAGEIFS('01_원자료'!$H$2:$H$976,'01_원자료'!$B$2:$B$976,$A8,'01_원자료'!$C$2:$C$976,$B8) -> 0.31088393 | H8: =AVERAGEIFS('01_원자료'!$I$2:$I$976,'01_원자료'!$B$2:$B$976,$A8,'01_원자료'!$C$2:$C$976,$B8) -> 0.20852517 | I8: =AVERAGEIFS('01_원자료'!$J$2:$J$976,'01_원자료'!$B$2:$B$976,$A8,'01_원자료'!$C$2:$C$976,$B8) -> 0.6909679 | J8: =AVERAGEIFS('01_원자료'!$K$2:$K$976,'01_원자료'!$B$2:$B$976,$A8,'01_원자료'!$C$2:$C$976,$B8) -> 0.65610713 | K8: =AVERAGEIFS('01_원자료'!$L$2:$L$976,'01_원자료'!$B$2:$B$976,$A8,'01_원자료'!$C$2:$C$976,$B8) -> 0.84195289 | L8: =AVERAGEIFS('01_원자료'!$M$2:$M$976,'01_원자료'!$B$2:$B$976,$A8,'01_원자료'!$C$2:$C$976,$B8) -> 0.6212403 | M8: =AVERAGEIFS('01_원자료'!$N$2:$N$976,'01_원자료'!$B$2:$B$976,$A8,'01_원자료'!$C$2:$C$976,$B8) -> 0.58025681 | N8: =AVERAGEIFS('01_원자료'!$O$2:$O$976,'01_원자료'!$B$2:$B$976,$A8,'01_원자료'!$C$2:$C$976,$B8) -> 1 | O8: =AVERAGEIFS('01_원자료'!$S$2:$S$976,'01_원자료'!$B$2:$B$976,$A8,'01_원자료'!$C$2:$C$976,$B8) -> 0.6313027
A9: claude | B9: ministral | C9: =AVERAGEIFS('01_원자료'!$D$2:$D$976,'01_원자료'!$B$2:$B$976,$A9,'01_원자료'!$C$2:$C$976,$B9) -> 0.26332583 | D9: =AVERAGEIFS('01_원자료'!$E$2:$E$976,'01_원자료'!$B$2:$B$976,$A9,'01_원자료'!$C$2:$C$976,$B9) -> 0.31995897 | E9: =AVERAGEIFS('01_원자료'!$F$2:$F$976,'01_원자료'!$B$2:$B$976,$A9,'01_원자료'!$C$2:$C$976,$B9) -> 0.12085546 | F9: =AVERAGEIFS('01_원자료'!$G$2:$G$976,'01_원자료'!$B$2:$B$976,$A9,'01_원자료'!$C$2:$C$976,$B9) -> 0.2328816 | G9: =AVERAGEIFS('01_원자료'!$H$2:$H$976,'01_원자료'!$B$2:$B$976,$A9,'01_원자료'!$C$2:$C$976,$B9) -> 0.24914422 | H9: =AVERAGEIFS('01_원자료'!$I$2:$I$976,'01_원자료'!$B$2:$B$976,$A9,'01_원자료'!$C$2:$C$976,$B9) -> 0.27484067 | I9: =AVERAGEIFS('01_원자료'!$J$2:$J$976,'01_원자료'!$B$2:$B$976,$A9,'01_원자료'!$C$2:$C$976,$B9) -> 0.70358178 | J9: =AVERAGEIFS('01_원자료'!$K$2:$K$976,'01_원자료'!$B$2:$B$976,$A9,'01_원자료'!$C$2:$C$976,$B9) -> 0.66694669 | K9: =AVERAGEIFS('01_원자료'!$L$2:$L$976,'01_원자료'!$B$2:$B$976,$A9,'01_원자료'!$C$2:$C$976,$B9) -> 0.83317352 | L9: =AVERAGEIFS('01_원자료'!$M$2:$M$976,'01_원자료'!$B$2:$B$976,$A9,'01_원자료'!$C$2:$C$976,$B9) -> 0.4694591 | M9: =AVERAGEIFS('01_원자료'!$N$2:$N$976,'01_원자료'!$B$2:$B$976,$A9,'01_원자료'!$C$2:$C$976,$B9) -> 0.40517253 | N9: =AVERAGEIFS('01_원자료'!$O$2:$O$976,'01_원자료'!$B$2:$B$976,$A9,'01_원자료'!$C$2:$C$976,$B9) -> 0.80224197 | O9: =AVERAGEIFS('01_원자료'!$S$2:$S$976,'01_원자료'!$B$2:$B$976,$A9,'01_원자료'!$C$2:$C$976,$B9) -> 0.57489078
A10: claude | B10: qwen | C10: =AVERAGEIFS('01_원자료'!$D$2:$D$976,'01_원자료'!$B$2:$B$976,$A10,'01_원자료'!$C$2:$C$976,$B10) -> 0.26943233 | D10: =AVERAGEIFS('01_원자료'!$E$2:$E$976,'01_원자료'!$B$2:$B$976,$A10,'01_원자료'!$C$2:$C$976,$B10) -> 0.43063972 | E10: =AVERAGEIFS('01_원자료'!$F$2:$F$976,'01_원자료'!$B$2:$B$976,$A10,'01_원자료'!$C$2:$C$976,$B10) -> 0.17309028 | F10: =AVERAGEIFS('01_원자료'!$G$2:$G$976,'01_원자료'!$B$2:$B$976,$A10,'01_원자료'!$C$2:$C$976,$B10) -> 0.29187495 | G10: =AVERAGEIFS('01_원자료'!$H$2:$H$976,'01_원자료'!$B$2:$B$976,$A10,'01_원자료'!$C$2:$C$976,$B10) -> 0.31655182 | H10: =AVERAGEIFS('01_원자료'!$I$2:$I$976,'01_원자료'!$B$2:$B$976,$A10,'01_원자료'!$C$2:$C$976,$B10) -> 0.35115497 | I10: =AVERAGEIFS('01_원자료'!$J$2:$J$976,'01_원자료'!$B$2:$B$976,$A10,'01_원자료'!$C$2:$C$976,$B10) -> 0.71145559 | J10: =AVERAGEIFS('01_원자료'!$K$2:$K$976,'01_원자료'!$B$2:$B$976,$A10,'01_원자료'!$C$2:$C$976,$B10) -> 0.65548189 | K10: =AVERAGEIFS('01_원자료'!$L$2:$L$976,'01_원자료'!$B$2:$B$976,$A10,'01_원자료'!$C$2:$C$976,$B10) -> 0.84687493 | L10: =AVERAGEIFS('01_원자료'!$M$2:$M$976,'01_원자료'!$B$2:$B$976,$A10,'01_원자료'!$C$2:$C$976,$B10) -> 0.66092793 | M10: =AVERAGEIFS('01_원자료'!$N$2:$N$976,'01_원자료'!$B$2:$B$976,$A10,'01_원자료'!$C$2:$C$976,$B10) -> 0.63394102 | N10: =AVERAGEIFS('01_원자료'!$O$2:$O$976,'01_원자료'!$B$2:$B$976,$A10,'01_원자료'!$C$2:$C$976,$B10) -> 0.97878543 | O10: =AVERAGEIFS('01_원자료'!$S$2:$S$976,'01_원자료'!$B$2:$B$976,$A10,'01_원자료'!$C$2:$C$976,$B10) -> 0.65842301
A11: gemini | B11: gemma | C11: =AVERAGEIFS('01_원자료'!$D$2:$D$976,'01_원자료'!$B$2:$B$976,$A11,'01_원자료'!$C$2:$C$976,$B11) -> 0.24228122 | D11: =AVERAGEIFS('01_원자료'!$E$2:$E$976,'01_원자료'!$B$2:$B$976,$A11,'01_원자료'!$C$2:$C$976,$B11) -> 0.34018693 | E11: =AVERAGEIFS('01_원자료'!$F$2:$F$976,'01_원자료'!$B$2:$B$976,$A11,'01_원자료'!$C$2:$C$976,$B11) -> 0.11911283 | F11: =AVERAGEIFS('01_원자료'!$G$2:$G$976,'01_원자료'!$B$2:$B$976,$A11,'01_원자료'!$C$2:$C$976,$B11) -> 0.24986582 | G11: =AVERAGEIFS('01_원자료'!$H$2:$H$976,'01_원자료'!$B$2:$B$976,$A11,'01_원자료'!$C$2:$C$976,$B11) -> 0.29051144 | H11: =AVERAGEIFS('01_원자료'!$I$2:$I$976,'01_원자료'!$B$2:$B$976,$A11,'01_원자료'!$C$2:$C$976,$B11) -> 0.20179635 | I11: =AVERAGEIFS('01_원자료'!$J$2:$J$976,'01_원자료'!$B$2:$B$976,$A11,'01_원자료'!$C$2:$C$976,$B11) -> 0.73814029 | J11: =AVERAGEIFS('01_원자료'!$K$2:$K$976,'01_원자료'!$B$2:$B$976,$A11,'01_원자료'!$C$2:$C$976,$B11) -> 0.75718511 | K11: =AVERAGEIFS('01_원자료'!$L$2:$L$976,'01_원자료'!$B$2:$B$976,$A11,'01_원자료'!$C$2:$C$976,$B11) -> 0.88477948 | L11: =AVERAGEIFS('01_원자료'!$M$2:$M$976,'01_원자료'!$B$2:$B$976,$A11,'01_원자료'!$C$2:$C$976,$B11) -> 0.83267007 | M11: =AVERAGEIFS('01_원자료'!$N$2:$N$976,'01_원자료'!$B$2:$B$976,$A11,'01_원자료'!$C$2:$C$976,$B11) -> 0.86137948 | N11: =AVERAGEIFS('01_원자료'!$O$2:$O$976,'01_원자료'!$B$2:$B$976,$A11,'01_원자료'!$C$2:$C$976,$B11) -> 0.98461538 | O11: =AVERAGEIFS('01_원자료'!$S$2:$S$976,'01_원자료'!$B$2:$B$976,$A11,'01_원자료'!$C$2:$C$976,$B11) -> 0.71765179
A12: gemini | B12: ministral | C12: =AVERAGEIFS('01_원자료'!$D$2:$D$976,'01_원자료'!$B$2:$B$976,$A12,'01_원자료'!$C$2:$C$976,$B12) -> 0.26212561 | D12: =AVERAGEIFS('01_원자료'!$E$2:$E$976,'01_원자료'!$B$2:$B$976,$A12,'01_원자료'!$C$2:$C$976,$B12) -> 0.28165974 | E12: =AVERAGEIFS('01_원자료'!$F$2:$F$976,'01_원자료'!$B$2:$B$976,$A12,'01_원자료'!$C$2:$C$976,$B12) -> 0.10984385 | F12: =AVERAGEIFS('01_원자료'!$G$2:$G$976,'01_원자료'!$B$2:$B$976,$A12,'01_원자료'!$C$2:$C$976,$B12) -> 0.217167 | G12: =AVERAGEIFS('01_원자료'!$H$2:$H$976,'01_원자료'!$B$2:$B$976,$A12,'01_원자료'!$C$2:$C$976,$B12) -> 0.19516315 | H12: =AVERAGEIFS('01_원자료'!$I$2:$I$976,'01_원자료'!$B$2:$B$976,$A12,'01_원자료'!$C$2:$C$976,$B12) -> 0.24486664 | I12: =AVERAGEIFS('01_원자료'!$J$2:$J$976,'01_원자료'!$B$2:$B$976,$A12,'01_원자료'!$C$2:$C$976,$B12) -> 0.74300798 | J12: =AVERAGEIFS('01_원자료'!$K$2:$K$976,'01_원자료'!$B$2:$B$976,$A12,'01_원자료'!$C$2:$C$976,$B12) -> 0.76560959 | K12: =AVERAGEIFS('01_원자료'!$L$2:$L$976,'01_원자료'!$B$2:$B$976,$A12,'01_원자료'!$C$2:$C$976,$B12) -> 0.88916372 | L12: =AVERAGEIFS('01_원자료'!$M$2:$M$976,'01_원자료'!$B$2:$B$976,$A12,'01_원자료'!$C$2:$C$976,$B12) -> 0.34909336 | M12: =AVERAGEIFS('01_원자료'!$N$2:$N$976,'01_원자료'!$B$2:$B$976,$A12,'01_원자료'!$C$2:$C$976,$B12) -> 0.36744183 | N12: =AVERAGEIFS('01_원자료'!$O$2:$O$976,'01_원자료'!$B$2:$B$976,$A12,'01_원자료'!$C$2:$C$976,$B12) -> 0.79235922 | O12: =AVERAGEIFS('01_원자료'!$S$2:$S$976,'01_원자료'!$B$2:$B$976,$A12,'01_원자료'!$C$2:$C$976,$B12) -> 0.57939907
A13: gemini | B13: qwen | C13: =AVERAGEIFS('01_원자료'!$D$2:$D$976,'01_원자료'!$B$2:$B$976,$A13,'01_원자료'!$C$2:$C$976,$B13) -> 0.28532391 | D13: =AVERAGEIFS('01_원자료'!$E$2:$E$976,'01_원자료'!$B$2:$B$976,$A13,'01_원자료'!$C$2:$C$976,$B13) -> 0.41297767 | E13: =AVERAGEIFS('01_원자료'!$F$2:$F$976,'01_원자료'!$B$2:$B$976,$A13,'01_원자료'!$C$2:$C$976,$B13) -> 0.17039064 | F13: =AVERAGEIFS('01_원자료'!$G$2:$G$976,'01_원자료'!$B$2:$B$976,$A13,'01_원자료'!$C$2:$C$976,$B13) -> 0.30273074 | G13: =AVERAGEIFS('01_원자료'!$H$2:$H$976,'01_원자료'!$B$2:$B$976,$A13,'01_원자료'!$C$2:$C$976,$B13) -> 0.31417169 | H13: =AVERAGEIFS('01_원자료'!$I$2:$I$976,'01_원자료'!$B$2:$B$976,$A13,'01_원자료'!$C$2:$C$976,$B13) -> 0.33219622 | I13: =AVERAGEIFS('01_원자료'!$J$2:$J$976,'01_원자료'!$B$2:$B$976,$A13,'01_원자료'!$C$2:$C$976,$B13) -> 0.76302937 | J13: =AVERAGEIFS('01_원자료'!$K$2:$K$976,'01_원자료'!$B$2:$B$976,$A13,'01_원자료'!$C$2:$C$976,$B13) -> 0.75650359 | K13: =AVERAGEIFS('01_원자료'!$L$2:$L$976,'01_원자료'!$B$2:$B$976,$A13,'01_원자료'!$C$2:$C$976,$B13) -> 0.88336213 | L13: =AVERAGEIFS('01_원자료'!$M$2:$M$976,'01_원자료'!$B$2:$B$976,$A13,'01_원자료'!$C$2:$C$976,$B13) -> 0.66283667 | M13: =AVERAGEIFS('01_원자료'!$N$2:$N$976,'01_원자료'!$B$2:$B$976,$A13,'01_원자료'!$C$2:$C$976,$B13) -> 0.66437415 | N13: =AVERAGEIFS('01_원자료'!$O$2:$O$976,'01_원자료'!$B$2:$B$976,$A13,'01_원자료'!$C$2:$C$976,$B13) -> 0.96315789 | O13: =AVERAGEIFS('01_원자료'!$S$2:$S$976,'01_원자료'!$B$2:$B$976,$A13,'01_원자료'!$C$2:$C$976,$B13) -> 0.68823698
A14: mistral | B14: gemma | C14: =AVERAGEIFS('01_원자료'!$D$2:$D$976,'01_원자료'!$B$2:$B$976,$A14,'01_원자료'!$C$2:$C$976,$B14) -> 0.2541453 | D14: =AVERAGEIFS('01_원자료'!$E$2:$E$976,'01_원자료'!$B$2:$B$976,$A14,'01_원자료'!$C$2:$C$976,$B14) -> 0.32772654 | E14: =AVERAGEIFS('01_원자료'!$F$2:$F$976,'01_원자료'!$B$2:$B$976,$A14,'01_원자료'!$C$2:$C$976,$B14) -> 0.11245383 | F14: =AVERAGEIFS('01_원자료'!$G$2:$G$976,'01_원자료'!$B$2:$B$976,$A14,'01_원자료'!$C$2:$C$976,$B14) -> 0.24419362 | G14: =AVERAGEIFS('01_원자료'!$H$2:$H$976,'01_원자료'!$B$2:$B$976,$A14,'01_원자료'!$C$2:$C$976,$B14) -> 0.30207099 | H14: =AVERAGEIFS('01_원자료'!$I$2:$I$976,'01_원자료'!$B$2:$B$976,$A14,'01_원자료'!$C$2:$C$976,$B14) -> 0.21210959 | I14: =AVERAGEIFS('01_원자료'!$J$2:$J$976,'01_원자료'!$B$2:$B$976,$A14,'01_원자료'!$C$2:$C$976,$B14) -> 0.69719407 | J14: =AVERAGEIFS('01_원자료'!$K$2:$K$976,'01_원자료'!$B$2:$B$976,$A14,'01_원자료'!$C$2:$C$976,$B14) -> 0.65066674 | K14: =AVERAGEIFS('01_원자료'!$L$2:$L$976,'01_원자료'!$B$2:$B$976,$A14,'01_원자료'!$C$2:$C$976,$B14) -> 0.82249799 | L14: =AVERAGEIFS('01_원자료'!$M$2:$M$976,'01_원자료'!$B$2:$B$976,$A14,'01_원자료'!$C$2:$C$976,$B14) -> 0.5962498 | M14: =AVERAGEIFS('01_원자료'!$N$2:$N$976,'01_원자료'!$B$2:$B$976,$A14,'01_원자료'!$C$2:$C$976,$B14) -> 0.57248838 | N14: =AVERAGEIFS('01_원자료'!$O$2:$O$976,'01_원자료'!$B$2:$B$976,$A14,'01_원자료'!$C$2:$C$976,$B14) -> 0.96472874 | O14: =AVERAGEIFS('01_원자료'!$S$2:$S$976,'01_원자료'!$B$2:$B$976,$A14,'01_원자료'!$C$2:$C$976,$B14) -> 0.62288162
A15: mistral | B15: ministral | C15: =AVERAGEIFS('01_원자료'!$D$2:$D$976,'01_원자료'!$B$2:$B$976,$A15,'01_원자료'!$C$2:$C$976,$B15) -> 0.3280706 | D15: =AVERAGEIFS('01_원자료'!$E$2:$E$976,'01_원자료'!$B$2:$B$976,$A15,'01_원자료'!$C$2:$C$976,$B15) -> 0.34770908 | E15: =AVERAGEIFS('01_원자료'!$F$2:$F$976,'01_원자료'!$B$2:$B$976,$A15,'01_원자료'!$C$2:$C$976,$B15) -> 0.14394531 | F15: =AVERAGEIFS('01_원자료'!$G$2:$G$976,'01_원자료'!$B$2:$B$976,$A15,'01_원자료'!$C$2:$C$976,$B15) -> 0.25672676 | G15: =AVERAGEIFS('01_원자료'!$H$2:$H$976,'01_원자료'!$B$2:$B$976,$A15,'01_원자료'!$C$2:$C$976,$B15) -> 0.253144 | H15: =AVERAGEIFS('01_원자료'!$I$2:$I$976,'01_원자료'!$B$2:$B$976,$A15,'01_원자료'!$C$2:$C$976,$B15) -> 0.31109442 | I15: =AVERAGEIFS('01_원자료'!$J$2:$J$976,'01_원자료'!$B$2:$B$976,$A15,'01_원자료'!$C$2:$C$976,$B15) -> 0.71415158 | J15: =AVERAGEIFS('01_원자료'!$K$2:$K$976,'01_원자료'!$B$2:$B$976,$A15,'01_원자료'!$C$2:$C$976,$B15) -> 0.69652595 | K15: =AVERAGEIFS('01_원자료'!$L$2:$L$976,'01_원자료'!$B$2:$B$976,$A15,'01_원자료'!$C$2:$C$976,$B15) -> 0.83906248 | L15: =AVERAGEIFS('01_원자료'!$M$2:$M$976,'01_원자료'!$B$2:$B$976,$A15,'01_원자료'!$C$2:$C$976,$B15) -> 0.46353074 | M15: =AVERAGEIFS('01_원자료'!$N$2:$N$976,'01_원자료'!$B$2:$B$976,$A15,'01_원자료'!$C$2:$C$976,$B15) -> 0.3583795 | N15: =AVERAGEIFS('01_원자료'!$O$2:$O$976,'01_원자료'!$B$2:$B$976,$A15,'01_원자료'!$C$2:$C$976,$B15) -> 0.79871207 | O15: =AVERAGEIFS('01_원자료'!$S$2:$S$976,'01_원자료'!$B$2:$B$976,$A15,'01_원자료'!$C$2:$C$976,$B15) -> 0.58122328
A16: mistral | B16: qwen | C16: =AVERAGEIFS('01_원자료'!$D$2:$D$976,'01_원자료'!$B$2:$B$976,$A16,'01_원자료'!$C$2:$C$976,$B16) -> 0.29972644 | D16: =AVERAGEIFS('01_원자료'!$E$2:$E$976,'01_원자료'!$B$2:$B$976,$A16,'01_원자료'!$C$2:$C$976,$B16) -> 0.42649557 | E16: =AVERAGEIFS('01_원자료'!$F$2:$F$976,'01_원자료'!$B$2:$B$976,$A16,'01_원자료'!$C$2:$C$976,$B16) -> 0.17370728 | F16: =AVERAGEIFS('01_원자료'!$G$2:$G$976,'01_원자료'!$B$2:$B$976,$A16,'01_원자료'!$C$2:$C$976,$B16) -> 0.31192133 | G16: =AVERAGEIFS('01_원자료'!$H$2:$H$976,'01_원자료'!$B$2:$B$976,$A16,'01_원자료'!$C$2:$C$976,$B16) -> 0.32176715 | H16: =AVERAGEIFS('01_원자료'!$I$2:$I$976,'01_원자료'!$B$2:$B$976,$A16,'01_원자료'!$C$2:$C$976,$B16) -> 0.31633575 | I16: =AVERAGEIFS('01_원자료'!$J$2:$J$976,'01_원자료'!$B$2:$B$976,$A16,'01_원자료'!$C$2:$C$976,$B16) -> 0.71542715 | J16: =AVERAGEIFS('01_원자료'!$K$2:$K$976,'01_원자료'!$B$2:$B$976,$A16,'01_원자료'!$C$2:$C$976,$B16) -> 0.65588021 | K16: =AVERAGEIFS('01_원자료'!$L$2:$L$976,'01_원자료'!$B$2:$B$976,$A16,'01_원자료'!$C$2:$C$976,$B16) -> 0.83599999 | L16: =AVERAGEIFS('01_원자료'!$M$2:$M$976,'01_원자료'!$B$2:$B$976,$A16,'01_원자료'!$C$2:$C$976,$B16) -> 0.57955618 | M16: =AVERAGEIFS('01_원자료'!$N$2:$N$976,'01_원자료'!$B$2:$B$976,$A16,'01_원자료'!$C$2:$C$976,$B16) -> 0.51774469 | N16: =AVERAGEIFS('01_원자료'!$O$2:$O$976,'01_원자료'!$B$2:$B$976,$A16,'01_원자료'!$C$2:$C$976,$B16) -> 0.94807895 | O16: =AVERAGEIFS('01_원자료'!$S$2:$S$976,'01_원자료'!$B$2:$B$976,$A16,'01_원자료'!$C$2:$C$976,$B16) -> 0.63138887
... A19: qwen3_6 | B19: qwen | C19: =AVERAGEIFS('01_원자료'!$D$2:$D$976,'01_원자료'!$B$2:$B$976,$A19,'01_원자료'!$C$2:$C$976,$B19) -> 0.29747935 | D19: =AVERAGEIFS('01_원자료'!$E$2:$E$976,'01_원자료'!$B$2:$B$976,$A19,'01_원자료'!$C$2:$C$976,$B19) -> 0.46002226 | E19: =AVERAGEIFS('01_원자료'!$F$2:$F$976,'01_원자료'!$B$2:$B$976,$A19,'01_원자료'!$C$2:$C$976,$B19) -> 0.19968263 | F19: =AVERAGEIFS('01_원자료'!$G$2:$G$976,'01_원자료'!$B$2:$B$976,$A19,'01_원자료'!$C$2:$C$976,$B19) -> 0.32486194 | G19: =AVERAGEIFS('01_원자료'!$H$2:$H$976,'01_원자료'!$B$2:$B$976,$A19,'01_원자료'!$C$2:$C$976,$B19) -> 0.38375971 | H19: =AVERAGEIFS('01_원자료'!$I$2:$I$976,'01_원자료'!$B$2:$B$976,$A19,'01_원자료'!$C$2:$C$976,$B19) -> 0.39509651 | I19: =AVERAGEIFS('01_원자료'!$J$2:$J$976,'01_원자료'!$B$2:$B$976,$A19,'01_원자료'!$C$2:$C$976,$B19) -> 0.72618137 | J19: =AVERAGEIFS('01_원자료'!$K$2:$K$976,'01_원자료'!$B$2:$B$976,$A19,'01_원자료'!$C$2:$C$976,$B19) -> 0.69130816 | K19: =AVERAGEIFS('01_원자료'!$L$2:$L$976,'01_원자료'!$B$2:$B$976,$A19,'01_원자료'!$C$2:$C$976,$B19) -> 0.87085486 | L19: =AVERAGEIFS('01_원자료'!$M$2:$M$976,'01_원자료'!$B$2:$B$976,$A19,'01_원자료'!$C$2:$C$976,$B19) -> 0.66609335 | M19: =AVERAGEIFS('01_원자료'!$N$2:$N$976,'01_원자료'!$B$2:$B$976,$A19,'01_원자료'!$C$2:$C$976,$B19) -> 0.67368124 | N19: =AVERAGEIFS('01_원자료'!$O$2:$O$976,'01_원자료'!$B$2:$B$976,$A19,'01_원자료'!$C$2:$C$976,$B19) -> 0.97854251 | O19: =AVERAGEIFS('01_원자료'!$S$2:$S$976,'01_원자료'!$B$2:$B$976,$A19,'01_원자료'!$C$2:$C$976,$B19) -> 0.68241873
A20: 전체 평균 | C20: =AVERAGE('01_원자료'!$D$2:$D$976) -> 0.27166325 | D20: =AVERAGE('01_원자료'!$E$2:$E$976) -> 0.35611736 | E20: =AVERAGE('01_원자료'!$F$2:$F$976) -> 0.14019763 | F20: =AVERAGE('01_원자료'!$G$2:$G$976) -> 0.26364032 | G20: =AVERAGE('01_원자료'!$H$2:$H$976) -> 0.28152696 | H20: =AVERAGE('01_원자료'!$I$2:$I$976) -> 0.28083977 | I20: =AVERAGE('01_원자료'!$J$2:$J$976) -> 0.71340215 | J20: =AVERAGE('01_원자료'!$K$2:$K$976) -> 0.68341653 | K20: =AVERAGE('01_원자료'!$L$2:$L$976) -> 0.84559802 | L20: =AVERAGE('01_원자료'!$M$2:$M$976) -> 0.56769211 | M20: =AVERAGE('01_원자료'!$N$2:$N$976) -> 0.47825086 | N20: =AVERAGE('01_원자료'!$O$2:$O$976) -> 0.91394065 | O20: =AVERAGE('01_원자료'!$S$2:$S$976) -> 0.61814844
A22: 읽는 법: 같은 행(레퍼런스 고정) 안에서 지표별로 어느 모델이 앞서는지 보면 강약점 프로파일이 드러난다. 같은 열(지표 고정)에서 레퍼런스를 바꿔가며 보면 그 지표가 기준 선택에 얼마나 민감한지 드러난다.
A23: 특히 teds_document_structure_similarity 열의 레퍼런스 간 편차가 가장 크며, 이것이 구조 지표의 표기 방언 민감성이 결과에 미치는 영향의 실체다(02_지표정의 32행 참조).

Sheet 10_계열편향
A1: 표 7. 계열 유사성 편향: 원점수 차이와 이중 중심화 잔차 D*
A2: 같은 개발사 계열의 레퍼런스-모델 조합이 실제로 유리한가. 관대함 효과를 제거하면 얼마나 남는가.
A4: 1단계: 원점수 기준 우위 D_raw
A5: D_raw = (같은 계열 셀) − (같은 모델을 다른 4개 레퍼런스로 평가한 셀들의 평균)
A6: "동일한 모델이 자기 계열 레퍼런스로 평가받을 때 다른 레퍼런스 대비 얼마나 더 받는가"를 뜻한다.
A7: 계열 | B7: reference_model | C7: comparison_model | D7: 해당 셀 | E7: 타 레퍼런스 평균 | F7: D_raw
A8: Google | B8: gemini | C8: gemma | D8: =AVERAGEIFS('01_원자료'!$S$2:$S$976,'01_원자료'!$B$2:$B$976,$B8,'01_원자료'!$C$2:$C$976,$C8) -> 0.71765179 | E8: =AVERAGEIFS('01_원자료'!$S$2:$S$976,'01_원자료'!$C$2:$C$976,$C8,'01_원자료'!$B$2:$B$976,"<>"&$B8) -> 0.62868024 | F8: =D8-E8 -> 0.088971557
A9: Alibaba | B9: qwen3_6 | C9: qwen | D9: =AVERAGEIFS('01_원자료'!$S$2:$S$976,'01_원자료'!$B$2:$B$976,$B9,'01_원자료'!$C$2:$C$976,$C9) -> 0.68241873 | E9: =AVERAGEIFS('01_원자료'!$S$2:$S$976,'01_원자료'!$C$2:$C$976,$C9,'01_원자료'!$B$2:$B$976,"<>"&$B9) -> 0.63362533 | F9: =D9-E9 -> 0.0487934
A10: Mistral | B10: mistral | C10: ministral | D10: =AVERAGEIFS('01_원자료'!$S$2:$S$976,'01_원자료'!$B$2:$B$976,$B10,'01_원자료'!$C$2:$C$976,$C10) -> 0.58122328 | E10: =AVERAGEIFS('01_원자료'!$S$2:$S$976,'01_원자료'!$C$2:$C$976,$C10,'01_원자료'!$B$2:$B$976,"<>"&$B10) -> 0.56042762 | F10: =D10-E10 -> 0.020795654
A12: 2단계: 이중 중심화 잔차 D* — 관대함과 모델 실력을 모두 제거
A13: D* = (셀_ij) − (행평균_i) − (열평균_j) + (총평균). 04_교차표 B16:D20에서 계산된다.
A14: 행평균을 빼면 "그 레퍼런스가 원래 후한 정도"가, 열평균을 빼면 "그 모델이 원래 잘하는 정도"가 제거되고, 총평균을 되더하면 두 번 뺀 전체 수준이 복원된다. 남는 것은 그 조합에서만 나타나는 고유 효과다.
A15: 계열 | B15: D_raw | C15: D* | D15: D*가 D_raw에서 차지하는 비율 | E15: 해석
A16: Google | B16: =F8 -> 0.088971557 | C16: ='04_교차표'!B18 -> 0.027563069 | D16: =IF(B16=0,"",C16/B16) -> 0.30979641 | E16: 관대함 제거 후 남은 조합 고유 효과
A17: Alibaba | B17: =F9 -> 0.0487934 | C17: ='04_교차표'!D20 -> 0.0070912269 | D17: =IF(B17=0,"",C17/B17) -> 0.14533168 | E17: 관대함 제거 후 남은 조합 고유 효과
A18: Mistral | B18: =F10 -> 0.020795654 | C18: ='04_교차표'!C19 -> 0.022953706 | D18: =IF(B18=0,"",C18/B18) -> 1.1037742 | E18: 관대함 제거 후 남은 조합 고유 효과
A20: 3단계: 동일계열 vs 교차계열 전체 비교 (Mann-Whitney)
A21: 구분 | B21: n | C21: 평균 Overall | D21: 순위합 | E21: U | F21: z | G21: p | H21: rank-biserial r
A22: 동일계열 | B22: =SUMPRODUCT('01_원자료'!$T$2:$T$976) -> 195 | C22: =SUMPRODUCT('01_원자료'!$T$2:$T$976*'01_원자료'!$S$2:$S$976)/B22 -> 0.66043127 | D22: =SUMPRODUCT('01_원자료'!$T$2:$T$976*'01_원자료'!$V$2:$V$976) -> 126476 | E22: =D22-B22*(B22+1)/2 -> 107366 | F22: =(E22-B22*B23/2)/SQRT(B22*B23*(B22+B23+1)/12) -> 8.9036359 | G22: =2*(1-NORMSDIST(ABS(F22))) -> 0 | H22: =2*E22/(B22*B23)-1 -> 0.41178172
A23: 교차계열 | B23: =COUNT('01_원자료'!$S$2:$S$976)-B22 -> 780 | C23: =(SUMPRODUCT('01_원자료'!$S$2:$S$976)-SUMPRODUCT('01_원자료'!$T$2:$T$976*'01_원자료'!$S$2:$S$976))/B23 -> 0.60757773
A24: 차이 (동일 − 교차) | C24: =C22-C23 -> 0.052853537
A26: 핵심 결론: 원점수로 보면 동일계열이 +0.053 유리하다. 그러나 이를 "레퍼런스별 관대함"과 "조합 고유 효과"로 분해하면, 후자에 해당하는 D*는 +0.007~+0.028에 그친다.
A27: 즉 관찰된 계열 우위의 상당 부분은 자기 계열을 편애해서가 아니라, 해당 레퍼런스가 원래 모두에게 후하기 때문에 생긴 것이다. D*가 여전히 양수이고 유의하므로 조합 고유의 편향도 실재하지만 크기는 훨씬 작다.
A28: 용어: D*는 "델타 스타"로 읽는다. 이는 Tukey의 고전적 상호작용 추출과 같은 형태다.
A29: Mistral 계열은 D_raw가 음수인데 D*는 양수다. Ministral의 절대 성능이 낮아 원점수는 낮지만, "Ministral치고는" Mistral 레퍼런스에서 상대적으로 잘 받는다는 뜻이다. 이 반전이 이중 중심화의 필요성을 가장 잘 보여준다.

Sheet 10B_문서단위잔차
A1: 문서별 이중 중심화 잔차 D* 와 문서 형식별 부호 분포 (논문 4.4 마지막 문단)
A2: 문서마다 5x3 점수 행렬을 따로 이중 중심화한 잔차. 10_계열편향은 전체 평균 기준, 이 시트는 문서 단위다.
A4: document_id | B4: 문서형식 | C4: D* Google | D4: D* Alibaba | E4: D* Mistral | F4: 양수 Google | G4: 양수 Alibaba | H4: 양수 Mistral
A5: PAT-01 | B5: =IF(LEFT(A5,3)="PAT","특허","보고서") -> 특허 | C5: =AVERAGEIFS('01_원자료'!$S$2:$S$976,'01_원자료'!$A$2:$A$976,$A5,'01_원자료'!$B$2:$B$976,"gemini",'01_원자료'!$C$2:$C$976,"gemma")-AVERAGEIFS('01_원자료'!$S$2:$S$976,'01_원자료'!$A$2:$A$976,$A5,'01_원자료'!$B$2:$B$976,"gemini")-AVERAGEIFS('01_원자료'!$S$2:$S$976,'01_원자료'!$A$2:$A$976,$A5,'01_원자료'!$C$2:$C$976,"gemma")+AVERAGEIFS('01_원자료'!$S$2:$S$976,'01_원자료'!$A$2:$A$976,$A5) -> 0.04852682 | D5: =AVERAGEIFS('01_원자료'!$S$2:$S$976,'01_원자료'!$A$2:$A$976,$A5,'01_원자료'!$B$2:$B$976,"qwen3_6",'01_원자료'!$C$2:$C$976,"qwen")-AVERAGEIFS('01_원자료'!$S$2:$S$976,'01_원자료'!$A$2:$A$976,$A5,'01_원자료'!$B$2:$B$976,"qwen3_6")-AVERAGEIFS('01_원자료'!$S$2:$S$976,'01_원자료'!$A$2:$A$976,$A5,'01_원자료'!$C$2:$C$976,"qwen")+AVERAGEIFS('01_원자료'!$S$2:$S$976,'01_원자료'!$A$2:$A$976,$A5) -> -0.013589104 | E5: =AVERAGEIFS('01_원자료'!$S$2:$S$976,'01_원자료'!$A$2:$A$976,$A5,'01_원자료'!$B$2:$B$976,"mistral",'01_원자료'!$C$2:$C$976,"ministral")-AVERAGEIFS('01_원자료'!$S$2:$S$976,'01_원자료'!$A$2:$A$976,$A5,'01_원자료'!$B$2:$B$976,"mistral")-AVERAGEIFS('01_원자료'!$S$2:$S$976,'01_원자료'!$A$2:$A$976,$A5,'01_원자료'!$C$2:$C$976,"ministral")+AVERAGEIFS('01_원자료'!$S$2:$S$976,'01_원자료'!$A$2:$A$976,$A5) -> 0.029587252 | F5: =IF(C5>0,1,0) -> 1 | G5: =IF(D5>0,1,0) -> 0 | H5: =IF(E5>0,1,0) -> 1
A6: PAT-02 | B6: =IF(LEFT(A6,3)="PAT","특허","보고서") -> 특허 | C6: =AVERAGEIFS('01_원자료'!$S$2:$S$976,'01_원자료'!$A$2:$A$976,$A6,'01_원자료'!$B$2:$B$976,"gemini",'01_원자료'!$C$2:$C$976,"gemma")-AVERAGEIFS('01_원자료'!$S$2:$S$976,'01_원자료'!$A$2:$A$976,$A6,'01_원자료'!$B$2:$B$976,"gemini")-AVERAGEIFS('01_원자료'!$S$2:$S$976,'01_원자료'!$A$2:$A$976,$A6,'01_원자료'!$C$2:$C$976,"gemma")+AVERAGEIFS('01_원자료'!$S$2:$S$976,'01_원자료'!$A$2:$A$976,$A6) -> 0.043410097 | D6: =AVERAGEIFS('01_원자료'!$S$2:$S$976,'01_원자료'!$A$2:$A$976,$A6,'01_원자료'!$B$2:$B$976,"qwen3_6",'01_원자료'!$C$2:$C$976,"qwen")-AVERAGEIFS('01_원자료'!$S$2:$S$976,'01_원자료'!$A$2:$A$976,$A6,'01_원자료'!$B$2:$B$976,"qwen3_6")-AVERAGEIFS('01_원자료'!$S$2:$S$976,'01_원자료'!$A$2:$A$976,$A6,'01_원자료'!$C$2:$C$976,"qwen")+AVERAGEIFS('01_원자료'!$S$2:$S$976,'01_원자료'!$A$2:$A$976,$A6) -> -0.010857289 | E6: =AVERAGEIFS('01_원자료'!$S$2:$S$976,'01_원자료'!$A$2:$A$976,$A6,'01_원자료'!$B$2:$B$976,"mistral",'01_원자료'!$C$2:$C$976,"ministral")-AVERAGEIFS('01_원자료'!$S$2:$S$976,'01_원자료'!$A$2:$A$976,$A6,'01_원자료'!$B$2:$B$976,"mistral")-AVERAGEIFS('01_원자료'!$S$2:$S$976,'01_원자료'!$A$2:$A$976,$A6,'01_원자료'!$C$2:$C$976,"ministral")+AVERAGEIFS('01_원자료'!$S$2:$S$976,'01_원자료'!$A$2:$A$976,$A6) -> 0.020469702 | F6: =IF(C6>0,1,0) -> 1 | G6: =IF(D6>0,1,0) -> 0 | H6: =IF(E6>0,1,0) -> 1
A7: PAT-03 | B7: =IF(LEFT(A7,3)="PAT","특허","보고서") -> 특허 | C7: =AVERAGEIFS('01_원자료'!$S$2:$S$976,'01_원자료'!$A$2:$A$976,$A7,'01_원자료'!$B$2:$B$976,"gemini",'01_원자료'!$C$2:$C$976,"gemma")-AVERAGEIFS('01_원자료'!$S$2:$S$976,'01_원자료'!$A$2:$A$976,$A7,'01_원자료'!$B$2:$B$976,"gemini")-AVERAGEIFS('01_원자료'!$S$2:$S$976,'01_원자료'!$A$2:$A$976,$A7,'01_원자료'!$C$2:$C$976,"gemma")+AVERAGEIFS('01_원자료'!$S$2:$S$976,'01_원자료'!$A$2:$A$976,$A7) -> 0.02609239 | D7: =AVERAGEIFS('01_원자료'!$S$2:$S$976,'01_원자료'!$A$2:$A$976,$A7,'01_원자료'!$B$2:$B$976,"qwen3_6",'01_원자료'!$C$2:$C$976,"qwen")-AVERAGEIFS('01_원자료'!$S$2:$S$976,'01_원자료'!$A$2:$A$976,$A7,'01_원자료'!$B$2:$B$976,"qwen3_6")-AVERAGEIFS('01_원자료'!$S$2:$S$976,'01_원자료'!$A$2:$A$976,$A7,'01_원자료'!$C$2:$C$976,"qwen")+AVERAGEIFS('01_원자료'!$S$2:$S$976,'01_원자료'!$A$2:$A$976,$A7) -> -0.0021866163 | E7: =AVERAGEIFS('01_원자료'!$S$2:$S$976,'01_원자료'!$A$2:$A$976,$A7,'01_원자료'!$B$2:$B$976,"mistral",'01_원자료'!$C$2:$C$976,"ministral")-AVERAGEIFS('01_원자료'!$S$2:$S$976,'01_원자료'!$A$2:$A$976,$A7,'01_원자료'!$B$2:$B$976,"mistral")-AVERAGEIFS('01_원자료'!$S$2:$S$976,'01_원자료'!$A$2:$A$976,$A7,'01_원자료'!$C$2:$C$976,"ministral")+AVERAGEIFS('01_원자료'!$S$2:$S$976,'01_원자료'!$A$2:$A$976,$A7) -> 0.0031903832 | F7: =IF(C7>0,1,0) -> 1 | G7: =IF(D7>0,1,0) -> 0 | H7: =IF(E7>0,1,0) -> 1
A8: PAT-04 | B8: =IF(LEFT(A8,3)="PAT","특허","보고서") -> 특허 | C8: =AVERAGEIFS('01_원자료'!$S$2:$S$976,'01_원자료'!$A$2:$A$976,$A8,'01_원자료'!$B$2:$B$976,"gemini",'01_원자료'!$C$2:$C$976,"gemma")-AVERAGEIFS('01_원자료'!$S$2:$S$976,'01_원자료'!$A$2:$A$976,$A8,'01_원자료'!$B$2:$B$976,"gemini")-AVERAGEIFS('01_원자료'!$S$2:$S$976,'01_원자료'!$A$2:$A$976,$A8,'01_원자료'!$C$2:$C$976,"gemma")+AVERAGEIFS('01_원자료'!$S$2:$S$976,'01_원자료'!$A$2:$A$976,$A8) -> 0.015026315 | D8: =AVERAGEIFS('01_원자료'!$S$2:$S$976,'01_원자료'!$A$2:$A$976,$A8,'01_원자료'!$B$2:$B$976,"qwen3_6",'01_원자료'!$C$2:$C$976,"qwen")-AVERAGEIFS('01_원자료'!$S$2:$S$976,'01_원자료'!$A$2:$A$976,$A8,'01_원자료'!$B$2:$B$976,"qwen3_6")-AVERAGEIFS('01_원자료'!$S$2:$S$976,'01_원자료'!$A$2:$A$976,$A8,'01_원자료'!$C$2:$C$976,"qwen")+AVERAGEIFS('01_원자료'!$S$2:$S$976,'01_원자료'!$A$2:$A$976,$A8) -> 0.0018114601 | E8: =AVERAGEIFS('01_원자료'!$S$2:$S$976,'01_원자료'!$A$2:$A$976,$A8,'01_원자료'!$B$2:$B$976,"mistral",'01_원자료'!$C$2:$C$976,"ministral")-AVERAGEIFS('01_원자료'!$S$2:$S$976,'01_원자료'!$A$2:$A$976,$A8,'01_원자료'!$B$2:$B$976,"mistral")-AVERAGEIFS('01_원자료'!$S$2:$S$976,'01_원자료'!$A$2:$A$976,$A8,'01_원자료'!$C$2:$C$976,"ministral")+AVERAGEIFS('01_원자료'!$S$2:$S$976,'01_원자료'!$A$2:$A$976,$A8) -> 0.013099589 | F8: =IF(C8>0,1,0) -> 1 | G8: =IF(D8>0,1,0) -> 1 | H8: =IF(E8>0,1,0) -> 1
A9: PAT-05 | B9: =IF(LEFT(A9,3)="PAT","특허","보고서") -> 특허 | C9: =AVERAGEIFS('01_원자료'!$S$2:$S$976,'01_원자료'!$A$2:$A$976,$A9,'01_원자료'!$B$2:$B$976,"gemini",'01_원자료'!$C$2:$C$976,"gemma")-AVERAGEIFS('01_원자료'!$S$2:$S$976,'01_원자료'!$A$2:$A$976,$A9,'01_원자료'!$B$2:$B$976,"gemini")-AVERAGEIFS('01_원자료'!$S$2:$S$976,'01_원자료'!$A$2:$A$976,$A9,'01_원자료'!$C$2:$C$976,"gemma")+AVERAGEIFS('01_원자료'!$S$2:$S$976,'01_원자료'!$A$2:$A$976,$A9) -> 0.033329188 | D9: =AVERAGEIFS('01_원자료'!$S$2:$S$976,'01_원자료'!$A$2:$A$976,$A9,'01_원자료'!$B$2:$B$976,"qwen3_6",'01_원자료'!$C$2:$C$976,"qwen")-AVERAGEIFS('01_원자료'!$S$2:$S$976,'01_원자료'!$A$2:$A$976,$A9,'01_원자료'!$B$2:$B$976,"qwen3_6")-AVERAGEIFS('01_원자료'!$S$2:$S$976,'01_원자료'!$A$2:$A$976,$A9,'01_원자료'!$C$2:$C$976,"qwen")+AVERAGEIFS('01_원자료'!$S$2:$S$976,'01_원자료'!$A$2:$A$976,$A9) -> 0.0090949931 | E9: =AVERAGEIFS('01_원자료'!$S$2:$S$976,'01_원자료'!$A$2:$A$976,$A9,'01_원자료'!$B$2:$B$976,"mistral",'01_원자료'!$C$2:$C$976,"ministral")-AVERAGEIFS('01_원자료'!$S$2:$S$976,'01_원자료'!$A$2:$A$976,$A9,'01_원자료'!$B$2:$B$976,"mistral")-AVERAGEIFS('01_원자료'!$S$2:$S$976,'01_원자료'!$A$2:$A$976,$A9,'01_원자료'!$C$2:$C$976,"ministral")+AVERAGEIFS('01_원자료'!$S$2:$S$976,'01_원자료'!$A$2:$A$976,$A9) -> -0.011330361 | F9: =IF(C9>0,1,0) -> 1 | G9: =IF(D9>0,1,0) -> 1 | H9: =IF(E9>0,1,0) -> 0
A10: PAT-06 | B10: =IF(LEFT(A10,3)="PAT","특허","보고서") -> 특허 | C10: =AVERAGEIFS('01_원자료'!$S$2:$S$976,'01_원자료'!$A$2:$A$976,$A10,'01_원자료'!$B$2:$B$976,"gemini",'01_원자료'!$C$2:$C$976,"gemma")-AVERAGEIFS('01_원자료'!$S$2:$S$976,'01_원자료'!$A$2:$A$976,$A10,'01_원자료'!$B$2:$B$976,"gemini")-AVERAGEIFS('01_원자료'!$S$2:$S$976,'01_원자료'!$A$2:$A$976,$A10,'01_원자료'!$C$2:$C$976,"gemma")+AVERAGEIFS('01_원자료'!$S$2:$S$976,'01_원자료'!$A$2:$A$976,$A10) -> 0.01076084 | D10: =AVERAGEIFS('01_원자료'!$S$2:$S$976,'01_원자료'!$A$2:$A$976,$A10,'01_원자료'!$B$2:$B$976,"qwen3_6",'01_원자료'!$C$2:$C$976,"qwen")-AVERAGEIFS('01_원자료'!$S$2:$S$976,'01_원자료'!$A$2:$A$976,$A10,'01_원자료'!$B$2:$B$976,"qwen3_6")-AVERAGEIFS('01_원자료'!$S$2:$S$976,'01_원자료'!$A$2:$A$976,$A10,'01_원자료'!$C$2:$C$976,"qwen")+AVERAGEIFS('01_원자료'!$S$2:$S$976,'01_원자료'!$A$2:$A$976,$A10) -> 0.025598733 | E10: =AVERAGEIFS('01_원자료'!$S$2:$S$976,'01_원자료'!$A$2:$A$976,$A10,'01_원자료'!$B$2:$B$976,"mistral",'01_원자료'!$C$2:$C$976,"ministral")-AVERAGEIFS('01_원자료'!$S$2:$S$976,'01_원자료'!$A$2:$A$976,$A10,'01_원자료'!$B$2:$B$976,"mistral")-AVERAGEIFS('01_원자료'!$S$2:$S$976,'01_원자료'!$A$2:$A$976,$A10,'01_원자료'!$C$2:$C$976,"ministral")+AVERAGEIFS('01_원자료'!$S$2:$S$976,'01_원자료'!$A$2:$A$976,$A10) -> -0.035817032 | F10: =IF(C10>0,1,0) -> 1 | G10: =IF(D10>0,1,0) -> 1 | H10: =IF(E10>0,1,0) -> 0
A11: PAT-07 | B11: =IF(LEFT(A11,3)="PAT","특허","보고서") -> 특허 | C11: =AVERAGEIFS('01_원자료'!$S$2:$S$976,'01_원자료'!$A$2:$A$976,$A11,'01_원자료'!$B$2:$B$976,"gemini",'01_원자료'!$C$2:$C$976,"gemma")-AVERAGEIFS('01_원자료'!$S$2:$S$976,'01_원자료'!$A$2:$A$976,$A11,'01_원자료'!$B$2:$B$976,"gemini")-AVERAGEIFS('01_원자료'!$S$2:$S$976,'01_원자료'!$A$2:$A$976,$A11,'01_원자료'!$C$2:$C$976,"gemma")+AVERAGEIFS('01_원자료'!$S$2:$S$976,'01_원자료'!$A$2:$A$976,$A11) -> 0.0031130217 | D11: =AVERAGEIFS('01_원자료'!$S$2:$S$976,'01_원자료'!$A$2:$A$976,$A11,'01_원자료'!$B$2:$B$976,"qwen3_6",'01_원자료'!$C$2:$C$976,"qwen")-AVERAGEIFS('01_원자료'!$S$2:$S$976,'01_원자료'!$A$2:$A$976,$A11,'01_원자료'!$B$2:$B$976,"qwen3_6")-AVERAGEIFS('01_원자료'!$S$2:$S$976,'01_원자료'!$A$2:$A$976,$A11,'01_원자료'!$C$2:$C$976,"qwen")+AVERAGEIFS('01_원자료'!$S$2:$S$976,'01_원자료'!$A$2:$A$976,$A11) -> 0.029812303 | E11: =AVERAGEIFS('01_원자료'!$S$2:$S$976,'01_원자료'!$A$2:$A$976,$A11,'01_원자료'!$B$2:$B$976,"mistral",'01_원자료'!$C$2:$C$976,"ministral")-AVERAGEIFS('01_원자료'!$S$2:$S$976,'01_원자료'!$A$2:$A$976,$A11,'01_원자료'!$B$2:$B$976,"mistral")-AVERAGEIFS('01_원자료'!$S$2:$S$976,'01_원자료'!$A$2:$A$976,$A11,'01_원자료'!$C$2:$C$976,"ministral")+AVERAGEIFS('01_원자료'!$S$2:$S$976,'01_원자료'!$A$2:$A$976,$A11) -> 0.0084089732 | F11: =IF(C11>0,1,0) -> 1 | G11: =IF(D11>0,1,0) -> 1 | H11: =IF(E11>0,1,0) -> 1
A12: PAT-08 | B12: =IF(LEFT(A12,3)="PAT","특허","보고서") -> 특허 | C12: =AVERAGEIFS('01_원자료'!$S$2:$S$976,'01_원자료'!$A$2:$A$976,$A12,'01_원자료'!$B$2:$B$976,"gemini",'01_원자료'!$C$2:$C$976,"gemma")-AVERAGEIFS('01_원자료'!$S$2:$S$976,'01_원자료'!$A$2:$A$976,$A12,'01_원자료'!$B$2:$B$976,"gemini")-AVERAGEIFS('01_원자료'!$S$2:$S$976,'01_원자료'!$A$2:$A$976,$A12,'01_원자료'!$C$2:$C$976,"gemma")+AVERAGEIFS('01_원자료'!$S$2:$S$976,'01_원자료'!$A$2:$A$976,$A12) -> -0.0020729222 | D12: =AVERAGEIFS('01_원자료'!$S$2:$S$976,'01_원자료'!$A$2:$A$976,$A12,'01_원자료'!$B$2:$B$976,"qwen3_6",'01_원자료'!$C$2:$C$976,"qwen")-AVERAGEIFS('01_원자료'!$S$2:$S$976,'01_원자료'!$A$2:$A$976,$A12,'01_원자료'!$B$2:$B$976,"qwen3_6")-AVERAGEIFS('01_원자료'!$S$2:$S$976,'01_원자료'!$A$2:$A$976,$A12,'01_원자료'!$C$2:$C$976,"qwen")+AVERAGEIFS('01_원자료'!$S$2:$S$976,'01_원자료'!$A$2:$A$976,$A12) -> 0.027374578 | E12: =AVERAGEIFS('01_원자료'!$S$2:$S$976,'01_원자료'!$A$2:$A$976,$A12,'01_원자료'!$B$2:$B$976,"mistral",'01_원자료'!$C$2:$C$976,"ministral")-AVERAGEIFS('01_원자료'!$S$2:$S$976,'01_원자료'!$A$2:$A$976,$A12,'01_원자료'!$B$2:$B$976,"mistral")-AVERAGEIFS('01_원자료'!$S$2:$S$976,'01_원자료'!$A$2:$A$976,$A12,'01_원자료'!$C$2:$C$976,"ministral")+AVERAGEIFS('01_원자료'!$S$2:$S$976,'01_원자료'!$A$2:$A$976,$A12) -> -0.0048490952 | F12: =IF(C12>0,1,0) -> 0 | G12: =IF(D12>0,1,0) -> 1 | H12: =IF(E12>0,1,0) -> 0
A13: PAT-09 | B13: =IF(LEFT(A13,3)="PAT","특허","보고서") -> 특허 | C13: =AVERAGEIFS('01_원자료'!$S$2:$S$976,'01_원자료'!$A$2:$A$976,$A13,'01_원자료'!$B$2:$B$976,"gemini",'01_원자료'!$C$2:$C$976,"gemma")-AVERAGEIFS('01_원자료'!$S$2:$S$976,'01_원자료'!$A$2:$A$976,$A13,'01_원자료'!$B$2:$B$976,"gemini")-AVERAGEIFS('01_원자료'!$S$2:$S$976,'01_원자료'!$A$2:$A$976,$A13,'01_원자료'!$C$2:$C$976,"gemma")+AVERAGEIFS('01_원자료'!$S$2:$S$976,'01_원자료'!$A$2:$A$976,$A13) -> 0.036648504 | D13: =AVERAGEIFS('01_원자료'!$S$2:$S$976,'01_원자료'!$A$2:$A$976,$A13,'01_원자료'!$B$2:$B$976,"qwen3_6",'01_원자료'!$C$2:$C$976,"qwen")-AVERAGEIFS('01_원자료'!$S$2:$S$976,'01_원자료'!$A$2:$A$976,$A13,'01_원자료'!$B$2:$B$976,"qwen3_6")-AVERAGEIFS('01_원자료'!$S$2:$S$976,'01_원자료'!$A$2:$A$976,$A13,'01_원자료'!$C$2:$C$976,"qwen")+AVERAGEIFS('01_원자료'!$S$2:$S$976,'01_원자료'!$A$2:$A$976,$A13) -> 0.0018950505 | E13: =AVERAGEIFS('01_원자료'!$S$2:$S$976,'01_원자료'!$A$2:$A$976,$A13,'01_원자료'!$B$2:$B$976,"mistral",'01_원자료'!$C$2:$C$976,"ministral")-AVERAGEIFS('01_원자료'!$S$2:$S$976,'01_원자료'!$A$2:$A$976,$A13,'01_원자료'!$B$2:$B$976,"mistral")-AVERAGEIFS('01_원자료'!$S$2:$S$976,'01_원자료'!$A$2:$A$976,$A13,'01_원자료'!$C$2:$C$976,"ministral")+AVERAGEIFS('01_원자료'!$S$2:$S$976,'01_원자료'!$A$2:$A$976,$A13) -> 0.009222382 | F13: =IF(C13>0,1,0) -> 1 | G13: =IF(D13>0,1,0) -> 1 | H13: =IF(E13>0,1,0) -> 1
A14: PAT-10 | B14: =IF(LEFT(A14,3)="PAT","특허","보고서") -> 특허 | C14: =AVERAGEIFS('01_원자료'!$S$2:$S$976,'01_원자료'!$A$2:$A$976,$A14,'01_원자료'!$B$2:$B$976,"gemini",'01_원자료'!$C$2:$C$976,"gemma")-AVERAGEIFS('01_원자료'!$S$2:$S$976,'01_원자료'!$A$2:$A$976,$A14,'01_원자료'!$B$2:$B$976,"gemini")-AVERAGEIFS('01_원자료'!$S$2:$S$976,'01_원자료'!$A$2:$A$976,$A14,'01_원자료'!$C$2:$C$976,"gemma")+AVERAGEIFS('01_원자료'!$S$2:$S$976,'01_원자료'!$A$2:$A$976,$A14) -> 0.010782649 | D14: =AVERAGEIFS('01_원자료'!$S$2:$S$976,'01_원자료'!$A$2:$A$976,$A14,'01_원자료'!$B$2:$B$976,"qwen3_6",'01_원자료'!$C$2:$C$976,"qwen")-AVERAGEIFS('01_원자료'!$S$2:$S$976,'01_원자료'!$A$2:$A$976,$A14,'01_원자료'!$B$2:$B$976,"qwen3_6")-AVERAGEIFS('01_원자료'!$S$2:$S$976,'01_원자료'!$A$2:$A$976,$A14,'01_원자료'!$C$2:$C$976,"qwen")+AVERAGEIFS('01_원자료'!$S$2:$S$976,'01_원자료'!$A$2:$A$976,$A14) -> 0.020659471 | E14: =AVERAGEIFS('01_원자료'!$S$2:$S$976,'01_원자료'!$A$2:$A$976,$A14,'01_원자료'!$B$2:$B$976,"mistral",'01_원자료'!$C$2:$C$976,"ministral")-AVERAGEIFS('01_원자료'!$S$2:$S$976,'01_원자료'!$A$2:$A$976,$A14,'01_원자료'!$B$2:$B$976,"mistral")-AVERAGEIFS('01_원자료'!$S$2:$S$976,'01_원자료'!$A$2:$A$976,$A14,'01_원자료'!$C$2:$C$976,"ministral")+AVERAGEIFS('01_원자료'!$S$2:$S$976,'01_원자료'!$A$2:$A$976,$A14) -> 0.01109089 | F14: =IF(C14>0,1,0) -> 1 | G14: =IF(D14>0,1,0) -> 1 | H14: =IF(E14>0,1,0) -> 1
A15: PAT-11 | B15: =IF(LEFT(A15,3)="PAT","특허","보고서") -> 특허 | C15: =AVERAGEIFS('01_원자료'!$S$2:$S$976,'01_원자료'!$A$2:$A$976,$A15,'01_원자료'!$B$2:$B$976,"gemini",'01_원자료'!$C$2:$C$976,"gemma")-AVERAGEIFS('01_원자료'!$S$2:$S$976,'01_원자료'!$A$2:$A$976,$A15,'01_원자료'!$B$2:$B$976,"gemini")-AVERAGEIFS('01_원자료'!$S$2:$S$976,'01_원자료'!$A$2:$A$976,$A15,'01_원자료'!$C$2:$C$976,"gemma")+AVERAGEIFS('01_원자료'!$S$2:$S$976,'01_원자료'!$A$2:$A$976,$A15) -> 0.039667508 | D15: =AVERAGEIFS('01_원자료'!$S$2:$S$976,'01_원자료'!$A$2:$A$976,$A15,'01_원자료'!$B$2:$B$976,"qwen3_6",'01_원자료'!$C$2:$C$976,"qwen")-AVERAGEIFS('01_원자료'!$S$2:$S$976,'01_원자료'!$A$2:$A$976,$A15,'01_원자료'!$B$2:$B$976,"qwen3_6")-AVERAGEIFS('01_원자료'!$S$2:$S$976,'01_원자료'!$A$2:$A$976,$A15,'01_원자료'!$C$2:$C$976,"qwen")+AVERAGEIFS('01_원자료'!$S$2:$S$976,'01_원자료'!$A$2:$A$976,$A15) -> -0.014380884 | E15: =AVERAGEIFS('01_원자료'!$S$2:$S$976,'01_원자료'!$A$2:$A$976,$A15,'01_원자료'!$B$2:$B$976,"mistral",'01_원자료'!$C$2:$C$976,"ministral")-AVERAGEIFS('01_원자료'!$S$2:$S$976,'01_원자료'!$A$2:$A$976,$A15,'01_원자료'!$B$2:$B$976,"mistral")-AVERAGEIFS('01_원자료'!$S$2:$S$976,'01_원자료'!$A$2:$A$976,$A15,'01_원자료'!$C$2:$C$976,"ministral")+AVERAGEIFS('01_원자료'!$S$2:$S$976,'01_원자료'!$A$2:$A$976,$A15) -> 0.017123597 | F15: =IF(C15>0,1,0) -> 1 | G15: =IF(D15>0,1,0) -> 0 | H15: =IF(E15>0,1,0) -> 1
A16: PAT-12 | B16: =IF(LEFT(A16,3)="PAT","특허","보고서") -> 특허 | C16: =AVERAGEIFS('01_원자료'!$S$2:$S$976,'01_원자료'!$A$2:$A$976,$A16,'01_원자료'!$B$2:$B$976,"gemini",'01_원자료'!$C$2:$C$976,"gemma")-AVERAGEIFS('01_원자료'!$S$2:$S$976,'01_원자료'!$A$2:$A$976,$A16,'01_원자료'!$B$2:$B$976,"gemini")-AVERAGEIFS('01_원자료'!$S$2:$S$976,'01_원자료'!$A$2:$A$976,$A16,'01_원자료'!$C$2:$C$976,"gemma")+AVERAGEIFS('01_원자료'!$S$2:$S$976,'01_원자료'!$A$2:$A$976,$A16) -> 0.020402761 | D16: =AVERAGEIFS('01_원자료'!$S$2:$S$976,'01_원자료'!$A$2:$A$976,$A16,'01_원자료'!$B$2:$B$976,"qwen3_6",'01_원자료'!$C$2:$C$976,"qwen")-AVERAGEIFS('01_원자료'!$S$2:$S$976,'01_원자료'!$A$2:$A$976,$A16,'01_원자료'!$B$2:$B$976,"qwen3_6")-AVERAGEIFS('01_원자료'!$S$2:$S$976,'01_원자료'!$A$2:$A$976,$A16,'01_원자료'!$C$2:$C$976,"qwen")+AVERAGEIFS('01_원자료'!$S$2:$S$976,'01_원자료'!$A$2:$A$976,$A16) -> 0.022740547 | E16: =AVERAGEIFS('01_원자료'!$S$2:$S$976,'01_원자료'!$A$2:$A$976,$A16,'01_원자료'!$B$2:$B$976,"mistral",'01_원자료'!$C$2:$C$976,"ministral")-AVERAGEIFS('01_원자료'!$S$2:$S$976,'01_원자료'!$A$2:$A$976,$A16,'01_원자료'!$B$2:$B$976,"mistral")-AVERAGEIFS('01_원자료'!$S$2:$S$976,'01_원자료'!$A$2:$A$976,$A16,'01_원자료'!$C$2:$C$976,"ministral")+AVERAGEIFS('01_원자료'!$S$2:$S$976,'01_원자료'!$A$2:$A$976,$A16) -> 0.014131111 | F16: =IF(C16>0,1,0) -> 1 | G16: =IF(D16>0,1,0) -> 1 | H16: =IF(E16>0,1,0) -> 1
... A69: RPT-34 | B69: =IF(LEFT(A69,3)="PAT","특허","보고서") -> 보고서 | C69: =AVERAGEIFS('01_원자료'!$S$2:$S$976,'01_원자료'!$A$2:$A$976,$A69,'01_원자료'!$B$2:$B$976,"gemini",'01_원자료'!$C$2:$C$976,"gemma")-AVERAGEIFS('01_원자료'!$S$2:$S$976,'01_원자료'!$A$2:$A$976,$A69,'01_원자료'!$B$2:$B$976,"gemini")-AVERAGEIFS('01_원자료'!$S$2:$S$976,'01_원자료'!$A$2:$A$976,$A69,'01_원자료'!$C$2:$C$976,"gemma")+AVERAGEIFS('01_원자료'!$S$2:$S$976,'01_원자료'!$A$2:$A$976,$A69) -> 0.036142537 | D69: =AVERAGEIFS('01_원자료'!$S$2:$S$976,'01_원자료'!$A$2:$A$976,$A69,'01_원자료'!$B$2:$B$976,"qwen3_6",'01_원자료'!$C$2:$C$976,"qwen")-AVERAGEIFS('01_원자료'!$S$2:$S$976,'01_원자료'!$A$2:$A$976,$A69,'01_원자료'!$B$2:$B$976,"qwen3_6")-AVERAGEIFS('01_원자료'!$S$2:$S$976,'01_원자료'!$A$2:$A$976,$A69,'01_원자료'!$C$2:$C$976,"qwen")+AVERAGEIFS('01_원자료'!$S$2:$S$976,'01_원자료'!$A$2:$A$976,$A69) -> 0.037934044 | E69: =AVERAGEIFS('01_원자료'!$S$2:$S$976,'01_원자료'!$A$2:$A$976,$A69,'01_원자료'!$B$2:$B$976,"mistral",'01_원자료'!$C$2:$C$976,"ministral")-AVERAGEIFS('01_원자료'!$S$2:$S$976,'01_원자료'!$A$2:$A$976,$A69,'01_원자료'!$B$2:$B$976,"mistral")-AVERAGEIFS('01_원자료'!$S$2:$S$976,'01_원자료'!$A$2:$A$976,$A69,'01_원자료'!$C$2:$C$976,"ministral")+AVERAGEIFS('01_원자료'!$S$2:$S$976,'01_원자료'!$A$2:$A$976,$A69) -> 0.13097723 | F69: =IF(C69>0,1,0) -> 1 | G69: =IF(D69>0,1,0) -> 1 | H69: =IF(E69>0,1,0) -> 1
A72: 계열별 평균 (10_계열편향의 D*와 일치해야 한다)
A73: 계열 | B73: 문서 평균 D* | C73: 10_계열편향 D* | D73: 차이
A74: Google | B74: =AVERAGE(C$5:C$69) -> 0.027563069 | C74: ='10_계열편향'!C16 -> 0.027563069 | D74: =B74-C74 -> -1.3530843e-16
A75: Alibaba | B75: =AVERAGE(D$5:D$69) -> 0.0070912269 | C75: ='10_계열편향'!C17 -> 0.0070912269 | D75: =B75-C75 -> 5.4036636e-16
A76: Mistral | B76: =AVERAGE(E$5:E$69) -> 0.022953706 | C76: ='10_계열편향'!C18 -> 0.022953706 | D76: =B76-C76 -> 1.3530843e-16
A78: 균형설계이므로 문서별로 중심화한 잔차의 평균은 전체를 한 번에 중심화한 잔차와 정확히 일치한다.
A80: 문서 형식 x 잔차 부호 교차표 (관측도수)
A81: 분석 단위: 문서 65건 x 계열 3개 = 195개 잔차
A82: 문서형식 | B82: 음수(D*<=0) | C82: 양수(D*>0) | D82: 합계 | E82: 양수 비율
A83: 특허 | B83: =COUNTIFS($B$5:$B$69,$A83)*3-C83 -> 20 | C83: =SUMPRODUCT(($B$5:$B$69=$A83)*($F$5:$H$69)) -> 73 | D83: =B83+C83 -> 93 | E83: =C83/D83 -> 0.78494624
A84: 보고서 | B84: =COUNTIFS($B$5:$B$69,$A84)*3-C84 -> 15 | C84: =SUMPRODUCT(($B$5:$B$69=$A84)*($F$5:$H$69)) -> 87 | D84: =B84+C84 -> 102 | E84: =C84/D84 -> 0.85294118
A85: 합계 | B85: =SUM(B83:B84) -> 35 | C85: =SUM(C83:C84) -> 160 | D85: =SUM(D83:D84) -> 195
A87: 기대도수 및 카이제곱 (Yates 연속성 보정)
A88: 문서형식 | B88: 기대 음수 | C88: 기대 양수
A89: =A83 -> 특허 | B89: =$D83*B$85/$D$85 -> 16.692308 | C89: =$D83*C$85/$D$85 -> 76.307692
A90: =A84 -> 보고서 | B90: =$D84*B$85/$D$85 -> 18.307692 | C90: =$D84*C$85/$D$85 -> 83.692308
A92: 카이제곱 (Yates) | B92: =(ABS(B83-B89)-0.5)^2/B89+(ABS(C83-C89)-0.5)^2/C89+(ABS(B84-B90)-0.5)^2/B90+(ABS(C84-C90)-0.5)^2/C90 -> 1.1003522
A93: 자유도 | B93: =(2-1)*(2-1) -> 1
A94: p | B94: =CHIDIST(B92,B93) -> 0.29418883
A96: 2x2 분할표이므로 Yates 연속성 보정을 적용하였다: χ² = Σ (|O−E|−0.5)²/E. 보정을 적용하지 않으면 χ²=1.527, p=0.217이며 결론(유의하지 않음)은 동일하다.
A97: 해석: 계열 편향의 방향(양의 잔차)은 특허 문서와 보고서 문서에서 같은 비율로 나타난다. 즉 편향 패턴은 입력 문서 유형과 무관하게 일관된다.

Sheet 11_문서단위
A1: 문서 단위(65건) 집계와 사후 회귀 입력 변수
A2: 파란 글씨 = 외부 입력(원문에서 직접 계수), 검정 글씨 = 01_원자료에서 집계한 수식
A4: document_id | B4: y: 평균 Overall | C4: TEDS표 평균 | D4: TEDS표 표준편차(신호1) | E4: 출력 어휘량(신호2) | F4: 로컬합의도 평균(RF1) | G4: 로컬합의도 분산(RF2) | H4: 어휘 평균 | I4: 의미 평균 | J4: 어휘+의미 종속변수 | K4: 문서형식 | L4: 순위 y | M4: 순위 TEDS표SD | N4: 순위 어휘량 | O4: 순위 로컬합의도 | P4: 순위 어휘+의미
A5: PAT-01 | B5: =AVERAGEIFS('01_원자료'!$S$2:$S$976,'01_원자료'!$A$2:$A$976,$A5) -> 0.61271229 | C5: =AVERAGEIFS('01_원자료'!$O$2:$O$976,'01_원자료'!$A$2:$A$976,$A5) -> 1 | D5: =SQRT(SUMPRODUCT(('01_원자료'!$A$2:$A$976=$A5)*('01_원자료'!$O$2:$O$976-$C5)^2)/14) -> 0 | E5: 926.33333 | F5: 1 | G5: 0 | H5: =AVERAGEIFS('01_원자료'!$P$2:$P$976,'01_원자료'!$A$2:$A$976,$A5) -> 0.24735121 | I5: =AVERAGEIFS('01_원자료'!$Q$2:$Q$976,'01_원자료'!$A$2:$A$976,$A5) -> 0.71641792 | J5: =('02_지표정의'!$C$22*H5+'02_지표정의'!$C$23*I5)/('02_지표정의'!$C$22+'02_지표정의'!$C$23) -> 0.5720897 | K5: =IF(LEFT(A5,3)="PAT","특허","보고서") -> 특허 | L5: =COUNTIF($B$5:$B$69,"<"&B5)+(COUNTIF($B$5:$B$69,"="&B5)+1)/2 -> 24 | M5: =COUNTIF($D$5:$D$69,"<"&D5)+(COUNTIF($D$5:$D$69,"="&D5)+1)/2 -> 15.5 | N5: =COUNTIF($E$5:$E$69,"<"&E5)+(COUNTIF($E$5:$E$69,"="&E5)+1)/2 -> 45 | O5: =COUNTIF($F$5:$F$69,"<"&F5)+(COUNTIF($F$5:$F$69,"="&F5)+1)/2 -> 48 | P5: =COUNTIF($J$5:$J$69,"<"&J5)+(COUNTIF($J$5:$J$69,"="&J5)+1)/2 -> 2
A6: PAT-02 | B6: =AVERAGEIFS('01_원자료'!$S$2:$S$976,'01_원자료'!$A$2:$A$976,$A6) -> 0.60442266 | C6: =AVERAGEIFS('01_원자료'!$O$2:$O$976,'01_원자료'!$A$2:$A$976,$A6) -> 0.88210526 | D6: =SQRT(SUMPRODUCT(('01_원자료'!$A$2:$A$976=$A6)*('01_원자료'!$O$2:$O$976-$C6)^2)/14) -> 0.17259054 | E6: 902.66667 | F6: 0.76578947 | G6: 0.20287067 | H6: =AVERAGEIFS('01_원자료'!$P$2:$P$976,'01_원자료'!$A$2:$A$976,$A6) -> 0.24869109 | I6: =AVERAGEIFS('01_원자료'!$Q$2:$Q$976,'01_원자료'!$A$2:$A$976,$A6) -> 0.74779252 | J6: =('02_지표정의'!$C$22*H6+'02_지표정의'!$C$23*I6)/('02_지표정의'!$C$22+'02_지표정의'!$C$23) -> 0.59422285 | K6: =IF(LEFT(A6,3)="PAT","특허","보고서") -> 특허 | L6: =COUNTIF($B$5:$B$69,"<"&B6)+(COUNTIF($B$5:$B$69,"="&B6)+1)/2 -> 20 | M6: =COUNTIF($D$5:$D$69,"<"&D6)+(COUNTIF($D$5:$D$69,"="&D6)+1)/2 -> 35 | N6: =COUNTIF($E$5:$E$69,"<"&E6)+(COUNTIF($E$5:$E$69,"="&E6)+1)/2 -> 40 | O6: =COUNTIF($F$5:$F$69,"<"&F6)+(COUNTIF($F$5:$F$69,"="&F6)+1)/2 -> 28 | P6: =COUNTIF($J$5:$J$69,"<"&J6)+(COUNTIF($J$5:$J$69,"="&J6)+1)/2 -> 24
A7: PAT-03 | B7: =AVERAGEIFS('01_원자료'!$S$2:$S$976,'01_원자료'!$A$2:$A$976,$A7) -> 0.59479696 | C7: =AVERAGEIFS('01_원자료'!$O$2:$O$976,'01_원자료'!$A$2:$A$976,$A7) -> 0.78947368 | D7: =SQRT(SUMPRODUCT(('01_원자료'!$A$2:$A$976=$A7)*('01_원자료'!$O$2:$O$976-$C7)^2)/14) -> 0.20384123 | E7: 821 | F7: 0.66447368 | G7: 0.16155302 | H7: =AVERAGEIFS('01_원자료'!$P$2:$P$976,'01_원자료'!$A$2:$A$976,$A7) -> 0.25759437 | I7: =AVERAGEIFS('01_원자료'!$Q$2:$Q$976,'01_원자료'!$A$2:$A$976,$A7) -> 0.7305928 | J7: =('02_지표정의'!$C$22*H7+'02_지표정의'!$C$23*I7)/('02_지표정의'!$C$22+'02_지표정의'!$C$23) -> 0.58505483 | K7: =IF(LEFT(A7,3)="PAT","특허","보고서") -> 특허 | L7: =COUNTIF($B$5:$B$69,"<"&B7)+(COUNTIF($B$5:$B$69,"="&B7)+1)/2 -> 10 | M7: =COUNTIF($D$5:$D$69,"<"&D7)+(COUNTIF($D$5:$D$69,"="&D7)+1)/2 -> 44 | N7: =COUNTIF($E$5:$E$69,"<"&E7)+(COUNTIF($E$5:$E$69,"="&E7)+1)/2 -> 21 | O7: =COUNTIF($F$5:$F$69,"<"&F7)+(COUNTIF($F$5:$F$69,"="&F7)+1)/2 -> 2 | P7: =COUNTIF($J$5:$J$69,"<"&J7)+(COUNTIF($J$5:$J$69,"="&J7)+1)/2 -> 5
A8: PAT-04 | B8: =AVERAGEIFS('01_원자료'!$S$2:$S$976,'01_원자료'!$A$2:$A$976,$A8) -> 0.63572088 | C8: =AVERAGEIFS('01_원자료'!$O$2:$O$976,'01_원자료'!$A$2:$A$976,$A8) -> 0.90526316 | D8: =SQRT(SUMPRODUCT(('01_원자료'!$A$2:$A$976=$A8)*('01_원자료'!$O$2:$O$976-$C8)^2)/14) -> 0.1961239 | E8: 906.66667 | F8: 1 | G8: 0 | H8: =AVERAGEIFS('01_원자료'!$P$2:$P$976,'01_원자료'!$A$2:$A$976,$A8) -> 0.25937582 | I8: =AVERAGEIFS('01_원자료'!$Q$2:$Q$976,'01_원자료'!$A$2:$A$976,$A8) -> 0.76958177 | J8: =('02_지표정의'!$C$22*H8+'02_지표정의'!$C$23*I8)/('02_지표정의'!$C$22+'02_지표정의'!$C$23) -> 0.61259532 | K8: =IF(LEFT(A8,3)="PAT","특허","보고서") -> 특허 | L8: =COUNTIF($B$5:$B$69,"<"&B8)+(COUNTIF($B$5:$B$69,"="&B8)+1)/2 -> 50 | M8: =COUNTIF($D$5:$D$69,"<"&D8)+(COUNTIF($D$5:$D$69,"="&D8)+1)/2 -> 41 | N8: =COUNTIF($E$5:$E$69,"<"&E8)+(COUNTIF($E$5:$E$69,"="&E8)+1)/2 -> 41 | O8: =COUNTIF($F$5:$F$69,"<"&F8)+(COUNTIF($F$5:$F$69,"="&F8)+1)/2 -> 48 | P8: =COUNTIF($J$5:$J$69,"<"&J8)+(COUNTIF($J$5:$J$69,"="&J8)+1)/2 -> 54
A9: PAT-05 | B9: =AVERAGEIFS('01_원자료'!$S$2:$S$976,'01_원자료'!$A$2:$A$976,$A9) -> 0.59946499 | C9: =AVERAGEIFS('01_원자료'!$O$2:$O$976,'01_원자료'!$A$2:$A$976,$A9) -> 0.81052632 | D9: =SQRT(SUMPRODUCT(('01_원자료'!$A$2:$A$976=$A9)*('01_원자료'!$O$2:$O$976-$C9)^2)/14) -> 0.24020174 | E9: 899.66667 | F9: 0.68421053 | G9: 0.27348171 | H9: =AVERAGEIFS('01_원자료'!$P$2:$P$976,'01_원자료'!$A$2:$A$976,$A9) -> 0.2781649 | I9: =AVERAGEIFS('01_원자료'!$Q$2:$Q$976,'01_원자료'!$A$2:$A$976,$A9) -> 0.75933527 | J9: =('02_지표정의'!$C$22*H9+'02_지표정의'!$C$23*I9)/('02_지표정의'!$C$22+'02_지표정의'!$C$23) -> 0.61128285 | K9: =IF(LEFT(A9,3)="PAT","특허","보고서") -> 특허 | L9: =COUNTIF($B$5:$B$69,"<"&B9)+(COUNTIF($B$5:$B$69,"="&B9)+1)/2 -> 14 | M9: =COUNTIF($D$5:$D$69,"<"&D9)+(COUNTIF($D$5:$D$69,"="&D9)+1)/2 -> 62.5 | N9: =COUNTIF($E$5:$E$69,"<"&E9)+(COUNTIF($E$5:$E$69,"="&E9)+1)/2 -> 39 | O9: =COUNTIF($F$5:$F$69,"<"&F9)+(COUNTIF($F$5:$F$69,"="&F9)+1)/2 -> 11.5 | P9: =COUNTIF($J$5:$J$69,"<"&J9)+(COUNTIF($J$5:$J$69,"="&J9)+1)/2 -> 51
A10: PAT-06 | B10: =AVERAGEIFS('01_원자료'!$S$2:$S$976,'01_원자료'!$A$2:$A$976,$A10) -> 0.60744564 | C10: =AVERAGEIFS('01_원자료'!$O$2:$O$976,'01_원자료'!$A$2:$A$976,$A10) -> 0.82955466 | D10: =SQRT(SUMPRODUCT(('01_원자료'!$A$2:$A$976=$A10)*('01_원자료'!$O$2:$O$976-$C10)^2)/14) -> 0.21148489 | E10: 885 | F10: 0.73684211 | G10: 0.22790142 | H10: =AVERAGEIFS('01_원자료'!$P$2:$P$976,'01_원자료'!$A$2:$A$976,$A10) -> 0.27548499 | I10: =AVERAGEIFS('01_원자료'!$Q$2:$Q$976,'01_원자료'!$A$2:$A$976,$A10) -> 0.76508143 | J10: =('02_지표정의'!$C$22*H10+'02_지표정의'!$C$23*I10)/('02_지표정의'!$C$22+'02_지표정의'!$C$23) -> 0.61443637 | K10: =IF(LEFT(A10,3)="PAT","특허","보고서") -> 특허 | L10: =COUNTIF($B$5:$B$69,"<"&B10)+(COUNTIF($B$5:$B$69,"="&B10)+1)/2 -> 21 | M10: =COUNTIF($D$5:$D$69,"<"&D10)+(COUNTIF($D$5:$D$69,"="&D10)+1)/2 -> 45 | N10: =COUNTIF($E$5:$E$69,"<"&E10)+(COUNTIF($E$5:$E$69,"="&E10)+1)/2 -> 33 | O10: =COUNTIF($F$5:$F$69,"<"&F10)+(COUNTIF($F$5:$F$69,"="&F10)+1)/2 -> 22.5 | P10: =COUNTIF($J$5:$J$69,"<"&J10)+(COUNTIF($J$5:$J$69,"="&J10)+1)/2 -> 56
A11: PAT-07 | B11: =AVERAGEIFS('01_원자료'!$S$2:$S$976,'01_원자료'!$A$2:$A$976,$A11) -> 0.65144277 | C11: =AVERAGEIFS('01_원자료'!$O$2:$O$976,'01_원자료'!$A$2:$A$976,$A11) -> 1 | D11: =SQRT(SUMPRODUCT(('01_원자료'!$A$2:$A$976=$A11)*('01_원자료'!$O$2:$O$976-$C11)^2)/14) -> 0 | E11: 987.33333 | F11: 1 | G11: 0 | H11: =AVERAGEIFS('01_원자료'!$P$2:$P$976,'01_원자료'!$A$2:$A$976,$A11) -> 0.2713998 | I11: =AVERAGEIFS('01_원자료'!$Q$2:$Q$976,'01_원자료'!$A$2:$A$976,$A11) -> 0.77336575 | J11: =('02_지표정의'!$C$22*H11+'02_지표정의'!$C$23*I11)/('02_지표정의'!$C$22+'02_지표정의'!$C$23) -> 0.61891469 | K11: =IF(LEFT(A11,3)="PAT","특허","보고서") -> 특허 | L11: =COUNTIF($B$5:$B$69,"<"&B11)+(COUNTIF($B$5:$B$69,"="&B11)+1)/2 -> 62 | M11: =COUNTIF($D$5:$D$69,"<"&D11)+(COUNTIF($D$5:$D$69,"="&D11)+1)/2 -> 15.5 | N11: =COUNTIF($E$5:$E$69,"<"&E11)+(COUNTIF($E$5:$E$69,"="&E11)+1)/2 -> 61 | O11: =COUNTIF($F$5:$F$69,"<"&F11)+(COUNTIF($F$5:$F$69,"="&F11)+1)/2 -> 48 | P11: =COUNTIF($J$5:$J$69,"<"&J11)+(COUNTIF($J$5:$J$69,"="&J11)+1)/2 -> 59
A12: PAT-08 | B12: =AVERAGEIFS('01_원자료'!$S$2:$S$976,'01_원자료'!$A$2:$A$976,$A12) -> 0.62957021 | C12: =AVERAGEIFS('01_원자료'!$O$2:$O$976,'01_원자료'!$A$2:$A$976,$A12) -> 0.90526316 | D12: =SQRT(SUMPRODUCT(('01_원자료'!$A$2:$A$976=$A12)*('01_원자료'!$O$2:$O$976-$C12)^2)/14) -> 0.1961239 | E12: 887.33333 | F12: 1 | G12: 0 | H12: =AVERAGEIFS('01_원자료'!$P$2:$P$976,'01_원자료'!$A$2:$A$976,$A12) -> 0.29447187 | I12: =AVERAGEIFS('01_원자료'!$Q$2:$Q$976,'01_원자료'!$A$2:$A$976,$A12) -> 0.76368326 | J12: =('02_지표정의'!$C$22*H12+'02_지표정의'!$C$23*I12)/('02_지표정의'!$C$22+'02_지표정의'!$C$23) -> 0.61931052 | K12: =IF(LEFT(A12,3)="PAT","특허","보고서") -> 특허 | L12: =COUNTIF($B$5:$B$69,"<"&B12)+(COUNTIF($B$5:$B$69,"="&B12)+1)/2 -> 41 | M12: =COUNTIF($D$5:$D$69,"<"&D12)+(COUNTIF($D$5:$D$69,"="&D12)+1)/2 -> 41 | N12: =COUNTIF($E$5:$E$69,"<"&E12)+(COUNTIF($E$5:$E$69,"="&E12)+1)/2 -> 36 | O12: =COUNTIF($F$5:$F$69,"<"&F12)+(COUNTIF($F$5:$F$69,"="&F12)+1)/2 -> 48 | P12: =COUNTIF($J$5:$J$69,"<"&J12)+(COUNTIF($J$5:$J$69,"="&J12)+1)/2 -> 60
A13: PAT-09 | B13: =AVERAGEIFS('01_원자료'!$S$2:$S$976,'01_원자료'!$A$2:$A$976,$A13) -> 0.6106097 | C13: =AVERAGEIFS('01_원자료'!$O$2:$O$976,'01_원자료'!$A$2:$A$976,$A13) -> 0.84210526 | D13: =SQRT(SUMPRODUCT(('01_원자료'!$A$2:$A$976=$A13)*('01_원자료'!$O$2:$O$976-$C13)^2)/14) -> 0.23113423 | E13: 895.66667 | F13: 0.68421053 | G13: 0.27348171 | H13: =AVERAGEIFS('01_원자료'!$P$2:$P$976,'01_원자료'!$A$2:$A$976,$A13) -> 0.26851512 | I13: =AVERAGEIFS('01_원자료'!$Q$2:$Q$976,'01_원자료'!$A$2:$A$976,$A13) -> 0.75215974 | J13: =('02_지표정의'!$C$22*H13+'02_지표정의'!$C$23*I13)/('02_지표정의'!$C$22+'02_지표정의'!$C$23) -> 0.60334601 | K13: =IF(LEFT(A13,3)="PAT","특허","보고서") -> 특허 | L13: =COUNTIF($B$5:$B$69,"<"&B13)+(COUNTIF($B$5:$B$69,"="&B13)+1)/2 -> 23 | M13: =COUNTIF($D$5:$D$69,"<"&D13)+(COUNTIF($D$5:$D$69,"="&D13)+1)/2 -> 55 | N13: =COUNTIF($E$5:$E$69,"<"&E13)+(COUNTIF($E$5:$E$69,"="&E13)+1)/2 -> 38 | O13: =COUNTIF($F$5:$F$69,"<"&F13)+(COUNTIF($F$5:$F$69,"="&F13)+1)/2 -> 11.5 | P13: =COUNTIF($J$5:$J$69,"<"&J13)+(COUNTIF($J$5:$J$69,"="&J13)+1)/2 -> 43
A14: PAT-10 | B14: =AVERAGEIFS('01_원자료'!$S$2:$S$976,'01_원자료'!$A$2:$A$976,$A14) -> 0.64189413 | C14: =AVERAGEIFS('01_원자료'!$O$2:$O$976,'01_원자료'!$A$2:$A$976,$A14) -> 1 | D14: =SQRT(SUMPRODUCT(('01_원자료'!$A$2:$A$976=$A14)*('01_원자료'!$O$2:$O$976-$C14)^2)/14) -> 0 | E14: 774.66667 | F14: 1 | G14: 0 | H14: =AVERAGEIFS('01_원자료'!$P$2:$P$976,'01_원자료'!$A$2:$A$976,$A14) -> 0.26717771 | I14: =AVERAGEIFS('01_원자료'!$Q$2:$Q$976,'01_원자료'!$A$2:$A$976,$A14) -> 0.72879141 | J14: =('02_지표정의'!$C$22*H14+'02_지표정의'!$C$23*I14)/('02_지표정의'!$C$22+'02_지표정의'!$C$23) -> 0.58675642 | K14: =IF(LEFT(A14,3)="PAT","특허","보고서") -> 특허 | L14: =COUNTIF($B$5:$B$69,"<"&B14)+(COUNTIF($B$5:$B$69,"="&B14)+1)/2 -> 54 | M14: =COUNTIF($D$5:$D$69,"<"&D14)+(COUNTIF($D$5:$D$69,"="&D14)+1)/2 -> 15.5 | N14: =COUNTIF($E$5:$E$69,"<"&E14)+(COUNTIF($E$5:$E$69,"="&E14)+1)/2 -> 8 | O14: =COUNTIF($F$5:$F$69,"<"&F14)+(COUNTIF($F$5:$F$69,"="&F14)+1)/2 -> 48 | P14: =COUNTIF($J$5:$J$69,"<"&J14)+(COUNTIF($J$5:$J$69,"="&J14)+1)/2 -> 8
A15: PAT-11 | B15: =AVERAGEIFS('01_원자료'!$S$2:$S$976,'01_원자료'!$A$2:$A$976,$A15) -> 0.62155221 | C15: =AVERAGEIFS('01_원자료'!$O$2:$O$976,'01_원자료'!$A$2:$A$976,$A15) -> 0.90526316 | D15: =SQRT(SUMPRODUCT(('01_원자료'!$A$2:$A$976=$A15)*('01_원자료'!$O$2:$O$976-$C15)^2)/14) -> 0.1961239 | E15: 798 | F15: 1 | G15: 0 | H15: =AVERAGEIFS('01_원자료'!$P$2:$P$976,'01_원자료'!$A$2:$A$976,$A15) -> 0.31138434 | I15: =AVERAGEIFS('01_원자료'!$Q$2:$Q$976,'01_원자료'!$A$2:$A$976,$A15) -> 0.75354025 | J15: =('02_지표정의'!$C$22*H15+'02_지표정의'!$C$23*I15)/('02_지표정의'!$C$22+'02_지표정의'!$C$23) -> 0.61749228 | K15: =IF(LEFT(A15,3)="PAT","특허","보고서") -> 특허 | L15: =COUNTIF($B$5:$B$69,"<"&B15)+(COUNTIF($B$5:$B$69,"="&B15)+1)/2 -> 32 | M15: =COUNTIF($D$5:$D$69,"<"&D15)+(COUNTIF($D$5:$D$69,"="&D15)+1)/2 -> 41 | N15: =COUNTIF($E$5:$E$69,"<"&E15)+(COUNTIF($E$5:$E$69,"="&E15)+1)/2 -> 15 | O15: =COUNTIF($F$5:$F$69,"<"&F15)+(COUNTIF($F$5:$F$69,"="&F15)+1)/2 -> 48 | P15: =COUNTIF($J$5:$J$69,"<"&J15)+(COUNTIF($J$5:$J$69,"="&J15)+1)/2 -> 58
A16: PAT-12 | B16: =AVERAGEIFS('01_원자료'!$S$2:$S$976,'01_원자료'!$A$2:$A$976,$A16) -> 0.65887005 | C16: =AVERAGEIFS('01_원자료'!$O$2:$O$976,'01_원자료'!$A$2:$A$976,$A16) -> 1 | D16: =SQRT(SUMPRODUCT(('01_원자료'!$A$2:$A$976=$A16)*('01_원자료'!$O$2:$O$976-$C16)^2)/14) -> 0 | E16: 666.33333 | F16: 1 | G16: 0 | H16: =AVERAGEIFS('01_원자료'!$P$2:$P$976,'01_원자료'!$A$2:$A$976,$A16) -> 0.29744906 | I16: =AVERAGEIFS('01_원자료'!$Q$2:$Q$976,'01_원자료'!$A$2:$A$976,$A16) -> 0.77445702 | J16: =('02_지표정의'!$C$22*H16+'02_지표정의'!$C$23*I16)/('02_지표정의'!$C$22+'02_지표정의'!$C$23) -> 0.62768534 | K16: =IF(LEFT(A16,3)="PAT","특허","보고서") -> 특허 | L16: =COUNTIF($B$5:$B$69,"<"&B16)+(COUNTIF($B$5:$B$69,"="&B16)+1)/2 -> 65 | M16: =COUNTIF($D$5:$D$69,"<"&D16)+(COUNTIF($D$5:$D$69,"="&D16)+1)/2 -> 15.5 | N16: =COUNTIF($E$5:$E$69,"<"&E16)+(COUNTIF($E$5:$E$69,"="&E16)+1)/2 -> 1 | O16: =COUNTIF($F$5:$F$69,"<"&F16)+(COUNTIF($F$5:$F$69,"="&F16)+1)/2 -> 48 | P16: =COUNTIF($J$5:$J$69,"<"&J16)+(COUNTIF($J$5:$J$69,"="&J16)+1)/2 -> 65
... A69: RPT-34 | B69: =AVERAGEIFS('01_원자료'!$S$2:$S$976,'01_원자료'!$A$2:$A$976,$A69) -> 0.60169584 | C69: =AVERAGEIFS('01_원자료'!$O$2:$O$976,'01_원자료'!$A$2:$A$976,$A69) -> 0.81052632 | D69: =SQRT(SUMPRODUCT(('01_원자료'!$A$2:$A$976=$A69)*('01_원자료'!$O$2:$O$976-$C69)^2)/14) -> 0.24020174 | E69: 983.66667 | F69: 0.68421053 | G69: 0.27348171 | H69: =AVERAGEIFS('01_원자료'!$P$2:$P$976,'01_원자료'!$A$2:$A$976,$A69) -> 0.26154797 | I69: =AVERAGEIFS('01_원자료'!$Q$2:$Q$976,'01_원자료'!$A$2:$A$976,$A69) -> 0.73631412 | J69: =('02_지표정의'!$C$22*H69+'02_지표정의'!$C$23*I69)/('02_지표정의'!$C$22+'02_지표정의'!$C$23) -> 0.59023223 | K69: =IF(LEFT(A69,3)="PAT","특허","보고서") -> 보고서 | L69: =COUNTIF($B$5:$B$69,"<"&B69)+(COUNTIF($B$5:$B$69,"="&B69)+1)/2 -> 15 | M69: =COUNTIF($D$5:$D$69,"<"&D69)+(COUNTIF($D$5:$D$69,"="&D69)+1)/2 -> 62.5 | N69: =COUNTIF($E$5:$E$69,"<"&E69)+(COUNTIF($E$5:$E$69,"="&E69)+1)/2 -> 59 | O69: =COUNTIF($F$5:$F$69,"<"&F69)+(COUNTIF($F$5:$F$69,"="&F69)+1)/2 -> 11.5 | P69: =COUNTIF($J$5:$J$69,"<"&J69)+(COUNTIF($J$5:$J$69,"="&J69)+1)/2 -> 17
A72: 입력 변수의 출처와 정의
A73: D열 TEDS 표구조 표준편차: 한 문서에 대한 15개 (레퍼런스x모델) 조합의 teds_table_structure_similarity 표본표준편차(ddof=1). 레퍼런스 호출이 필요한 신호다.
A74: E열 출력 어휘량: 로컬 모델 3종이 그 문서에 대해 생성한 ADR의 토큰 수 평균. 정규식 \w+ 기준. 원자료 = adrs/ 폴더의 원문 마크다운 파일.
A75: F/G열 로컬 상호 합의도: 로컬 모델 3종의 출력끼리 직접 비교한 표 구조 TEDS 유사도 3쌍(gemma-ministral, gemma-qwen, ministral-qwen)의 평균과 표준편차. 레퍼런스를 전혀 호출하지 않으므로 운영 시점에 산출 가능하다.
A76: 출처: local_local_teds.csv (원 분석 산출물). E열은 adrs/ 원문에서 본 워크북 생성 시 직접 계수하였다.
A78: 문서 형식별 비교 (논문 4.3)
A79: 구분 | B79: n | C79: 평균 Overall | D79: 순위합 | E79: U | F79: z | G79: p
A80: 특허 | B80: =COUNTIF($K$5:$K$69,"특허") -> 31 | C80: =AVERAGEIFS($B$5:$B$69,$K$5:$K$69,"특허") -> 0.61923353 | D80: =SUMPRODUCT(($K$5:$K$69="특허")*(COUNTIF($B$5:$B$69,"<"&$B$5:$B$69)+1)) -> 1080 | E80: =D80-B80*(B80+1)/2 -> 584 | F80: =(E80-B80*B81/2)/SQRT(B80*B81*(B80+B81+1)/12) -> 0.74864031 | G80: =2*(1-NORMSDIST(ABS(F80))) -> 0.45407403
A81: 보고서 | B81: =COUNTIF($K$5:$K$69,"보고서") -> 34 | C81: =AVERAGEIFS($B$5:$B$69,$K$5:$K$69,"보고서") -> 0.61715909
A83: 결론: 특허 문서와 보고서 문서 사이에 유의한 차이가 없다(p=0.458). 입력 문서의 표면적 형식은 ADR 생성 결과를 좌우하지 않는다.

Sheet 12_사후회귀
A1: 사후 출력 신호 회귀 — 레퍼런스 기반 2신호 모형 (논문 4.3)
A2: 분석단위: 문서 65건 / 종속변수: 문서별 평균 Overall Score / 설명변수: TEDS 표구조 표준편차, 출력 어휘량
A4: document_id | B4: x0 (절편) | C4: TEDS표_표준편차 | D4: 출력어휘량 | E4: y (종속변수) | F4: y_hat (적합값) | G4: e (잔차) | H4: h_ii (레버리지) | I4: (e/(1-h))²
A5: ='11_문서단위'!A5 -> PAT-01 | B5: 1 | C5: ='11_문서단위'!D5 -> 0 | D5: ='11_문서단위'!E5 -> 926.33333 | E5: ='11_문서단위'!B5 -> 0.61271229 | F5: =$B5*$B$89+$C5*$B$90+$D5*$B$91 -> 0.63572602 | G5: =E5-F5 -> -0.023013726 | H5: =SUMPRODUCT(MMULT(B5:D5,$B$79:$D$81),B5:D5) -> 0.038983792 | I5: =(G5/(1-H5))^2 -> 0.0005734723
A6: ='11_문서단위'!A6 -> PAT-02 | B6: 1 | C6: ='11_문서단위'!D6 -> 0.17259054 | D6: ='11_문서단위'!E6 -> 902.66667 | E6: ='11_문서단위'!B6 -> 0.60442266 | F6: =$B6*$B$89+$C6*$B$90+$D6*$B$91 -> 0.60645338 | G6: =E6-F6 -> -0.0020307189 | H6: =SUMPRODUCT(MMULT(B6:D6,$B$79:$D$81),B6:D6) -> 0.020070125 | I6: =(G6/(1-H6))^2 -> 4.2944704e-06
A7: ='11_문서단위'!A7 -> PAT-03 | B7: 1 | C7: ='11_문서단위'!D7 -> 0.20384123 | D7: ='11_문서단위'!E7 -> 821 | E7: ='11_문서단위'!B7 -> 0.59479696 | F7: =$B7*$B$89+$C7*$B$90+$D7*$B$91 -> 0.60605462 | G7: =E7-F7 -> -0.011257656 | H7: =SUMPRODUCT(MMULT(B7:D7,$B$79:$D$81),B7:D7) -> 0.03136061 | I7: =(G7/(1-H7))^2 -> 0.00013507398
A8: ='11_문서단위'!A8 -> PAT-04 | B8: 1 | C8: ='11_문서단위'!D8 -> 0.1961239 | D8: ='11_문서단위'!E8 -> 906.66667 | E8: ='11_문서단위'!B8 -> 0.63572088 | F8: =$B8*$B$89+$C8*$B$90+$D8*$B$91 -> 0.60200417 | G8: =E8-F8 -> 0.033716708 | H8: =SUMPRODUCT(MMULT(B8:D8,$B$79:$D$81),B8:D8) -> 0.023861525 | I8: =(G8/(1-H8))^2 -> 0.0011930742
A9: ='11_문서단위'!A9 -> PAT-05 | B9: 1 | C9: ='11_문서단위'!D9 -> 0.24020174 | D9: ='11_문서단위'!E9 -> 899.66667 | E9: ='11_문서단위'!B9 -> 0.59946499 | F9: =$B9*$B$89+$C9*$B$90+$D9*$B$91 -> 0.59458878 | G9: =E9-F9 -> 0.0048762132 | H9: =SUMPRODUCT(MMULT(B9:D9,$B$79:$D$81),B9:D9) -> 0.033012596 | I9: =(G9/(1-H9))^2 -> 2.5428675e-05
A10: ='11_문서단위'!A10 -> PAT-06 | B10: 1 | C10: ='11_문서단위'!D10 -> 0.21148489 | D10: ='11_문서단위'!E10 -> 885 | E10: ='11_문서단위'!B10 -> 0.60744564 | F10: =$B10*$B$89+$C10*$B$90+$D10*$B$91 -> 0.60063784 | G10: =E10-F10 -> 0.0068078038 | H10: =SUMPRODUCT(MMULT(B10:D10,$B$79:$D$81),B10:D10) -> 0.025467648 | I10: =(G10/(1-H10))^2 -> 4.8800193e-05
A11: ='11_문서단위'!A11 -> PAT-07 | B11: 1 | C11: ='11_문서단위'!D11 -> 0 | D11: ='11_문서단위'!E11 -> 987.33333 | E11: ='11_문서단위'!B11 -> 0.65144277 | F11: =$B11*$B$89+$C11*$B$90+$D11*$B$91 -> 0.63186208 | G11: =E11-F11 -> 0.019580683 | H11: =SUMPRODUCT(MMULT(B11:D11,$B$79:$D$81),B11:D11) -> 0.062447659 | I11: =(G11/(1-H11))^2 -> 0.00043617886
A12: ='11_문서단위'!A12 -> PAT-08 | B12: 1 | C12: ='11_문서단위'!D12 -> 0.1961239 | D12: ='11_문서단위'!E12 -> 887.33333 | E12: ='11_문서단위'!B12 -> 0.62957021 | F12: =$B12*$B$89+$C12*$B$90+$D12*$B$91 -> 0.6032288 | G12: =E12-F12 -> 0.026341404 | H12: =SUMPRODUCT(MMULT(B12:D12,$B$79:$D$81),B12:D12) -> 0.022532104 | I12: =(G12/(1-H12))^2 -> 0.00072622776
A13: ='11_문서단위'!A13 -> PAT-09 | B13: 1 | C13: ='11_문서단위'!D13 -> 0.23113423 | D13: ='11_문서단위'!E13 -> 895.66667 | E13: ='11_문서단위'!B13 -> 0.6106097 | F13: =$B13*$B$89+$C13*$B$90+$D13*$B$91 -> 0.59645883 | G13: =E13-F13 -> 0.014150873 | H13: =SUMPRODUCT(MMULT(B13:D13,$B$79:$D$81),B13:D13) -> 0.030392391 | I13: =(G13/(1-H13))^2 -> 0.00021299748
A14: ='11_문서단위'!A14 -> PAT-10 | B14: 1 | C14: ='11_문서단위'!D14 -> 0 | D14: ='11_문서단위'!E14 -> 774.66667 | E14: ='11_문서단위'!B14 -> 0.64189413 | F14: =$B14*$B$89+$C14*$B$90+$D14*$B$91 -> 0.64533307 | G14: =E14-F14 -> -0.0034389348 | H14: =SUMPRODUCT(MMULT(B14:D14,$B$79:$D$81),B14:D14) -> 0.047531905 | I14: =(G14/(1-H14))^2 -> 1.303608e-05
A15: ='11_문서단위'!A15 -> PAT-11 | B15: 1 | C15: ='11_문서단위'!D15 -> 0.1961239 | D15: ='11_문서단위'!E15 -> 798 | E15: ='11_문서단위'!B15 -> 0.62155221 | F15: =$B15*$B$89+$C15*$B$90+$D15*$B$91 -> 0.60888746 | G15: =E15-F15 -> 0.012664747 | H15: =SUMPRODUCT(MMULT(B15:D15,$B$79:$D$81),B15:D15) -> 0.036520176 | I15: =(G15/(1-H15))^2 -> 0.00017278571
A16: ='11_문서단위'!A16 -> PAT-12 | B16: 1 | C16: ='11_문서단위'!D16 -> 0 | D16: ='11_문서단위'!E16 -> 666.33333 | E16: ='11_문서단위'!B16 -> 0.65887005 | F16: =$B16*$B$89+$C16*$B$90+$D16*$B$91 -> 0.65219525 | G16: =E16-F16 -> 0.0066748037 | H16: =SUMPRODUCT(MMULT(B16:D16,$B$79:$D$81),B16:D16) -> 0.11204796 | I16: =(G16/(1-H16))^2 -> 5.6506444e-05
... A69: ='11_문서단위'!A69 -> RPT-34 | B69: 1 | C69: ='11_문서단위'!D69 -> 0.24020174 | D69: ='11_문서단위'!E69 -> 983.66667 | E69: ='11_문서단위'!B69 -> 0.60169584 | F69: =$B69*$B$89+$C69*$B$90+$D69*$B$91 -> 0.58926795 | G69: =E69-F69 -> 0.012427887 | H69: =SUMPRODUCT(MMULT(B69:D69,$B$79:$D$81),B69:D69) -> 0.053071321 | I69: =(G69/(1-H69))^2 -> 0.00017225032
A72: 1단계: X'X (설계행렬의 교차곱, 3x3)
A73: X = [1, TEDS표_표준편차, 출력어휘량] 의 65x3 행렬. 각 셀 = SUMPRODUCT(열_i, 열_j)
A74: B열 | B74: =SUMPRODUCT($B$5:$B$69,$B$5:$B$69) -> 65 | C74: =SUMPRODUCT($B$5:$B$69,$C$5:$C$69) -> 7.6201772 | D74: =SUMPRODUCT($B$5:$B$69,$D$5:$D$69) -> 56800.333
A75: C열 | B75: =SUMPRODUCT($C$5:$C$69,$B$5:$B$69) -> 7.6201772 | C75: =SUMPRODUCT($C$5:$C$69,$C$5:$C$69) -> 1.7763354 | D75: =SUMPRODUCT($C$5:$C$69,$D$5:$D$69) -> 6732.4284
A76: D열 | B76: =SUMPRODUCT($D$5:$D$69,$B$5:$B$69) -> 56800.333 | C76: =SUMPRODUCT($D$5:$D$69,$C$5:$C$69) -> 6732.4284 | D76: =SUMPRODUCT($D$5:$D$69,$D$5:$D$69) -> 50123388
A78: 2단계: inv(X'X) (역행렬)
B79: =INDEX(MINVERSE($B$74:$D$76),1,1) -> 1.5793058 | C79: =INDEX(MINVERSE($B$74:$D$76),1,2) -> 0.016442596 | D79: =INDEX(MINVERSE($B$74:$D$76),1,3) -> -0.0017918939
B80: =INDEX(MINVERSE($B$74:$D$76),2,1) -> 0.016442596 | C80: =INDEX(MINVERSE($B$74:$D$76),2,2) -> 1.1468877 | D80: =INDEX(MINVERSE($B$74:$D$76),2,3) -> -0.00017267955
B81: =INDEX(MINVERSE($B$74:$D$76),3,1) -> -0.0017918939 | C81: =INDEX(MINVERSE($B$74:$D$76),3,2) -> -0.00017267955 | D81: =INDEX(MINVERSE($B$74:$D$76),3,3) -> 2.073737e-06
A83: 3단계: X'y 와 회귀계수 beta = inv(X'X)·X'y
A84: X'y B | B84: =SUMPRODUCT($B$5:$B$69,$E$5:$E$69) -> 40.179648
A85: X'y C | B85: =SUMPRODUCT($C$5:$C$69,$E$5:$E$69) -> 4.5483109
A86: X'y D | B86: =SUMPRODUCT($D$5:$D$69,$E$5:$E$69) -> 35066.995
A89: beta 절편 | B89: =INDEX(MMULT($B$79:$D$81,$B$84:$B$86),1,1) -> 0.69440292
A90: beta TEDS표_표준편차 | B90: =INDEX(MMULT($B$79:$D$81,$B$84:$B$86),2,1) -> -0.17829342
A91: beta 출력어휘량 | B91: =INDEX(MMULT($B$79:$D$81,$B$84:$B$86),3,1) -> -6.3343188e-05
A92: 4단계: 적합도 통계
A93: n (문서 수) | B93: =COUNT($E$5:$E$69) -> 65 | C93: n
A94: p (모수 개수, 절편 포함) | B94: =3 -> 3 | C94: k
A95: SS_total | B95: =SUMPRODUCT(($E$5:$E$69-AVERAGE($E$5:$E$69))^2) -> 0.047082181 | C95: Σ(y − ȳ)²
A96: SS_residual | B96: =SUMPRODUCT($G$5:$G$69,$G$5:$G$69) -> 0.015392857 | C96: Σe²
A97: R² | B97: =1-B96/B95 -> 0.67306407 | C97: 1 − SS_res/SS_tot
A98: adjusted R² | B98: =1-(1-B97)*(B93-1)/(B93-B94) -> 0.66251775 | C98: 1 − (1−R²)(n−1)/(n−p)
A99: F | B99: =(B97/(B94-1))/((1-B97)/(B93-B94)) -> 63.819802 | C99: (R²/(p−1)) / ((1−R²)/(n−p))
A100: p (F 검정) | B100: =FDIST(B99,B94-1,B93-B94) -> 8.8785519e-16 | C100: FDIST
A101: PRESS | B101: =SUM($I$5:$I$69) -> 0.018647813 | C101: Σ (e_i/(1−h_ii))²
A102: LOOCV R² | B102: =1-B101/B95 -> 0.60393056 | C102: 1 − PRESS/SS_tot
A104: LOOCV(단일제거 교차검증)를 행렬로 계산하는 원리
A105: 관측치 i를 빼고 다시 적합한 뒤 i를 예측한 오차는, 전체 적합 잔차 e_i와 레버리지 h_ii만으로 e_i/(1−h_ii)로 정확히 구해진다(PRESS 항등식). 65번 재적합할 필요가 없다.
A106: h_ii = x_i · inv(X'X) · x_iᵀ 이며, 관측치 i가 자기 적합값을 끌어당기는 힘이다. LOOCV R² = 1 − PRESS/SS_total 이 음수면 표본평균보다도 예측이 나쁘다는 뜻이다.
A108: 해석: 두 신호가 문서별 평가 결과 변동의 약 67%를 설명한다. TEDS 표구조 분산이 지배적이며(단독 R²=0.632), 출력 어휘량은 단독 설명력은 약하나 TEDS 분산과 거의 독립이어서 결합 시 교차검증 성능을 개선한다.
A109: 두 계수 모두 음수다. 표 구조 정합성의 조합 간 분산이 크거나 출력이 장황한 문서일수록 레퍼런스 정합성이 낮다.
A110: 한계: TEDS 분산은 Overall Score의 구성요소에서 파생된 신호이며, 운영 시점에 레퍼런스 호출을 전제한다. 이를 해소한 것이 13_레퍼런스프리 시트다.

Sheet 13_레퍼런스프리
A1: 레퍼런스-프리 3신호 회귀 (논문 4.3 후반)
A2: 레퍼런스를 전혀 호출하지 않고 로컬 모델 출력끼리의 상호 합의도만으로 정합성을 예측할 수 있는가
A4: document_id | B4: x0 (절편) | C4: 로컬합의도_평균 | D4: 로컬합의도_분산 | E4: 출력어휘량 | F4: y (종속변수) | G4: y_hat (적합값) | H4: e (잔차) | I4: h_ii (레버리지) | J4: (e/(1-h))²
A5: ='11_문서단위'!A5 -> PAT-01 | B5: 1 | C5: ='11_문서단위'!F5 -> 1 | D5: ='11_문서단위'!G5 -> 0 | E5: ='11_문서단위'!E5 -> 926.33333 | F5: ='11_문서단위'!B5 -> 0.61271229 | G5: =$B5*$B$92+$C5*$B$93+$D5*$B$94+$E5*$B$95 -> 0.62755573 | H5: =F5-G5 -> -0.01484344 | I5: =SUMPRODUCT(MMULT(B5:E5,$B$80:$E$83),B5:E5) -> 0.035435373 | J5: =(H5/(1-I5))^2 -> 0.00023681351
A6: ='11_문서단위'!A6 -> PAT-02 | B6: 1 | C6: ='11_문서단위'!F6 -> 0.76578947 | D6: ='11_문서단위'!G6 -> 0.20287067 | E6: ='11_문서단위'!E6 -> 902.66667 | F6: ='11_문서단위'!B6 -> 0.60442266 | G6: =$B6*$B$92+$C6*$B$93+$D6*$B$94+$E6*$B$95 -> 0.60881537 | H6: =F6-G6 -> -0.0043927049 | I6: =SUMPRODUCT(MMULT(B6:E6,$B$80:$E$83),B6:E6) -> 0.025362598 | J6: =(H6/(1-I6))^2 -> 2.031318e-05
A7: ='11_문서단위'!A7 -> PAT-03 | B7: 1 | C7: ='11_문서단위'!F7 -> 0.66447368 | D7: ='11_문서단위'!G7 -> 0.16155302 | E7: ='11_문서단위'!E7 -> 821 | F7: ='11_문서단위'!B7 -> 0.59479696 | G7: =$B7*$B$92+$C7*$B$93+$D7*$B$94+$E7*$B$95 -> 0.58380947 | H7: =F7-G7 -> 0.010987488 | I7: =SUMPRODUCT(MMULT(B7:E7,$B$80:$E$83),B7:E7) -> 0.095394605 | J7: =(H7/(1-I7))^2 -> 0.00014752937
A8: ='11_문서단위'!A8 -> PAT-04 | B8: 1 | C8: ='11_문서단위'!F8 -> 1 | D8: ='11_문서단위'!G8 -> 0 | E8: ='11_문서단위'!E8 -> 906.66667 | F8: ='11_문서단위'!B8 -> 0.63572088 | G8: =$B8*$B$92+$C8*$B$93+$D8*$B$94+$E8*$B$95 -> 0.6294604 | H8: =F8-G8 -> 0.0062604781 | I8: =SUMPRODUCT(MMULT(B8:E8,$B$80:$E$83),B8:E8) -> 0.031269417 | J8: =(H8/(1-I8))^2 -> 4.1764663e-05
A9: ='11_문서단위'!A9 -> PAT-05 | B9: 1 | C9: ='11_문서단위'!F9 -> 0.68421053 | D9: ='11_문서단위'!G9 -> 0.27348171 | E9: ='11_문서단위'!E9 -> 899.66667 | F9: ='11_문서단위'!B9 -> 0.59946499 | G9: =$B9*$B$92+$C9*$B$93+$D9*$B$94+$E9*$B$95 -> 0.60177046 | H9: =F9-G9 -> -0.0023054628 | I9: =SUMPRODUCT(MMULT(B9:E9,$B$80:$E$83),B9:E9) -> 0.043000597 | J9: =(H9/(1-I9))^2 -> 5.8035388e-06
A10: ='11_문서단위'!A10 -> PAT-06 | B10: 1 | C10: ='11_문서단위'!F10 -> 0.73684211 | D10: ='11_문서단위'!G10 -> 0.22790142 | E10: ='11_문서단위'!E10 -> 885 | F10: ='11_문서단위'!B10 -> 0.60744564 | G10: =$B10*$B$92+$C10*$B$93+$D10*$B$94+$E10*$B$95 -> 0.60791886 | H10: =F10-G10 -> -0.00047322148 | I10: =SUMPRODUCT(MMULT(B10:E10,$B$80:$E$83),B10:E10) -> 0.029904059 | J10: =(H10/(1-I10))^2 -> 2.3795757e-07
A11: ='11_문서단위'!A11 -> PAT-07 | B11: 1 | C11: ='11_문서단위'!F11 -> 1 | D11: ='11_문서단위'!G11 -> 0 | E11: ='11_문서단위'!E11 -> 987.33333 | F11: ='11_문서단위'!B11 -> 0.65144277 | G11: =$B11*$B$92+$C11*$B$93+$D11*$B$94+$E11*$B$95 -> 0.62164804 | H11: =F11-G11 -> 0.029794723 | I11: =SUMPRODUCT(MMULT(B11:E11,$B$80:$E$83),B11:E11) -> 0.058736875 | J11: =(H11/(1-I11))^2 -> 0.0010019744
A12: ='11_문서단위'!A12 -> PAT-08 | B12: 1 | C12: ='11_문서단위'!F12 -> 1 | D12: ='11_문서단위'!G12 -> 0 | E12: ='11_문서단위'!E12 -> 887.33333 | F12: ='11_문서단위'!B12 -> 0.62957021 | G12: =$B12*$B$92+$C12*$B$93+$D12*$B$94+$E12*$B$95 -> 0.63133278 | H12: =F12-G12 -> -0.001762573 | I12: =SUMPRODUCT(MMULT(B12:E12,$B$80:$E$83),B12:E12) -> 0.028764609 | J12: =(H12/(1-I12))^2 -> 3.2934056e-06
A13: ='11_문서단위'!A13 -> PAT-09 | B13: 1 | C13: ='11_문서단위'!F13 -> 0.68421053 | D13: ='11_문서단위'!G13 -> 0.27348171 | E13: ='11_문서단위'!E13 -> 895.66667 | F13: ='11_문서단위'!B13 -> 0.6106097 | G13: =$B13*$B$92+$C13*$B$93+$D13*$B$94+$E13*$B$95 -> 0.60215785 | H13: =F13-G13 -> 0.0084518577 | I13: =SUMPRODUCT(MMULT(B13:E13,$B$80:$E$83),B13:E13) -> 0.042866175 | J13: =(H13/(1-I13))^2 -> 7.7975654e-05
A14: ='11_문서단위'!A14 -> PAT-10 | B14: 1 | C14: ='11_문서단위'!F14 -> 1 | D14: ='11_문서단위'!G14 -> 0 | E14: ='11_문서단위'!E14 -> 774.66667 | F14: ='11_문서단위'!B14 -> 0.64189413 | G14: =$B14*$B$92+$C14*$B$93+$D14*$B$94+$E14*$B$95 -> 0.64224425 | H14: =F14-G14 -> -0.00035011634 | I14: =SUMPRODUCT(MMULT(B14:E14,$B$80:$E$83),B14:E14) -> 0.045539595 | J14: =(H14/(1-I14))^2 -> 1.3455782e-07
A15: ='11_문서단위'!A15 -> PAT-11 | B15: 1 | C15: ='11_문서단위'!F15 -> 1 | D15: ='11_문서단위'!G15 -> 0 | E15: ='11_문서단위'!E15 -> 798 | F15: ='11_문서단위'!B15 -> 0.62155221 | G15: =$B15*$B$92+$C15*$B$93+$D15*$B$94+$E15*$B$95 -> 0.63998448 | H15: =F15-G15 -> -0.01843227 | I15: =SUMPRODUCT(MMULT(B15:E15,$B$80:$E$83),B15:E15) -> 0.037668421 | J15: =(H15/(1-I15))^2 -> 0.0003668666
A16: ='11_문서단위'!A16 -> PAT-12 | B16: 1 | C16: ='11_문서단위'!F16 -> 1 | D16: ='11_문서단위'!G16 -> 0 | E16: ='11_문서단위'!E16 -> 666.33333 | F16: ='11_문서단위'!B16 -> 0.65887005 | G16: =$B16*$B$92+$C16*$B$93+$D16*$B$94+$E16*$B$95 -> 0.65273605 | H16: =F16-G16 -> 0.0061340028 | I16: =SUMPRODUCT(MMULT(B16:E16,$B$80:$E$83),B16:E16) -> 0.11217352 | J16: =(H16/(1-I16))^2 -> 4.7734431e-05
... A69: ='11_문서단위'!A69 -> RPT-34 | B69: 1 | C69: ='11_문서단위'!F69 -> 0.68421053 | D69: ='11_문서단위'!G69 -> 0.27348171 | E69: ='11_문서단위'!E69 -> 983.66667 | F69: ='11_문서단위'!B69 -> 0.60169584 | G69: =$B69*$B$92+$C69*$B$93+$D69*$B$94+$E69*$B$95 -> 0.59363528 | H69: =F69-G69 -> 0.0080605619 | I69: =SUMPRODUCT(MMULT(B69:E69,$B$80:$E$83),B69:E69) -> 0.061416625 | J69: =(H69/(1-I69))^2 -> 7.3753888e-05
A72: 1단계: X'X (설계행렬의 교차곱, 4x4)
A73: X = [1, 로컬합의도_평균, 로컬합의도_분산, 출력어휘량] 의 65x4 행렬. 각 셀 = SUMPRODUCT(열_i, 열_j)
A74: B열 | B74: =SUMPRODUCT($B$5:$B$69,$B$5:$B$69) -> 65 | C74: =SUMPRODUCT($B$5:$B$69,$C$5:$C$69) -> 55.752105 | D74: =SUMPRODUCT($B$5:$B$69,$D$5:$D$69) -> 7.4068025 | E74: =SUMPRODUCT($B$5:$B$69,$E$5:$E$69) -> 56800.333
A75: C열 | B75: =SUMPRODUCT($C$5:$C$69,$B$5:$B$69) -> 55.752105 | C75: =SUMPRODUCT($C$5:$C$69,$C$5:$C$69) -> 49.695827 | D75: =SUMPRODUCT($C$5:$C$69,$D$5:$D$69) -> 5.0442225 | E75: =SUMPRODUCT($C$5:$C$69,$E$5:$E$69) -> 48681.809
A76: D열 | B76: =SUMPRODUCT($D$5:$D$69,$B$5:$B$69) -> 7.4068025 | C76: =SUMPRODUCT($D$5:$D$69,$C$5:$C$69) -> 5.0442225 | D76: =SUMPRODUCT($D$5:$D$69,$D$5:$D$69) -> 1.8874557 | E76: =SUMPRODUCT($D$5:$D$69,$E$5:$E$69) -> 6540.4497
A77: E열 | B77: =SUMPRODUCT($E$5:$E$69,$B$5:$B$69) -> 56800.333 | C77: =SUMPRODUCT($E$5:$E$69,$C$5:$C$69) -> 48681.809 | D77: =SUMPRODUCT($E$5:$E$69,$D$5:$D$69) -> 6540.4497 | E77: =SUMPRODUCT($E$5:$E$69,$E$5:$E$69) -> 50123388
A79: 2단계: inv(X'X) (역행렬)
B80: =INDEX(MINVERSE($B$74:$E$77),1,1) -> 5.2236297 | C80: =INDEX(MINVERSE($B$74:$E$77),1,2) -> -3.9847891 | D80: =INDEX(MINVERSE($B$74:$E$77),1,3) -> -5.0163602 | E80: =INDEX(MINVERSE($B$74:$E$77),1,4) -> -0.0013947165
B81: =INDEX(MINVERSE($B$74:$E$77),2,1) -> -3.9847891 | C81: =INDEX(MINVERSE($B$74:$E$77),2,2) -> 4.3568491 | D81: =INDEX(MINVERSE($B$74:$E$77),2,3) -> 5.4929228 | E81: =INDEX(MINVERSE($B$74:$E$77),2,4) -> -0.00043269486
B82: =INDEX(MINVERSE($B$74:$E$77),3,1) -> -5.0163602 | C82: =INDEX(MINVERSE($B$74:$E$77),3,2) -> 5.4929228 | D82: =INDEX(MINVERSE($B$74:$E$77),3,3) -> 7.8923765 | E82: =INDEX(MINVERSE($B$74:$E$77),3,4) -> -0.00068020499
B83: =INDEX(MINVERSE($B$74:$E$77),4,1) -> -0.0013947165 | C83: =INDEX(MINVERSE($B$74:$E$77),4,2) -> -0.00043269486 | D83: =INDEX(MINVERSE($B$74:$E$77),4,3) -> -0.00068020499 | E83: =INDEX(MINVERSE($B$74:$E$77),4,4) -> 2.1094659e-06
A85: 3단계: X'y 와 회귀계수 beta = inv(X'X)·X'y
A86: X'y B | B86: =SUMPRODUCT($B$5:$B$69,$F$5:$F$69) -> 40.179648
A87: X'y C | B87: =SUMPRODUCT($C$5:$C$69,$F$5:$F$69) -> 34.693462
A88: X'y D | B88: =SUMPRODUCT($D$5:$D$69,$F$5:$F$69) -> 4.4377436
A89: X'y E | B89: =SUMPRODUCT($E$5:$E$69,$F$5:$F$69) -> 35066.995
A92: beta 절편 | B92: =INDEX(MMULT($B$80:$E$83,$B$86:$B$89),1,1) -> 0.46764048
A93: beta 로컬합의도_평균 | B93: =INDEX(MMULT($B$80:$E$83,$B$86:$B$89),2,1) -> 0.24962819
A94: beta 로컬합의도_분산 | B94: =INDEX(MMULT($B$80:$E$83,$B$86:$B$89),3,1) -> 0.18451722
A95: beta 출력어휘량 | B95: =INDEX(MMULT($B$80:$E$83,$B$86:$B$89),4,1) -> -9.6847368e-05
A96: 4단계: 적합도 통계
A97: n (문서 수) | B97: =COUNT($F$5:$F$69) -> 65 | C97: n
A98: p (모수 개수, 절편 포함) | B98: =4 -> 4 | C98: k
A99: SS_total | B99: =SUMPRODUCT(($F$5:$F$69-AVERAGE($F$5:$F$69))^2) -> 0.047082181 | C99: Σ(y − ȳ)²
A100: SS_residual | B100: =SUMPRODUCT($H$5:$H$69,$H$5:$H$69) -> 0.011278716 | C100: Σe²
A101: R² | B101: =1-B100/B99 -> 0.76044618 | C101: 1 − SS_res/SS_tot
A102: adjusted R² | B102: =1-(1-B101)*(B97-1)/(B97-B98) -> 0.74866485 | C102: 1 − (1−R²)(n−1)/(n−p)
A103: F | B103: =(B101/(B98-1))/((1-B101)/(B97-B98)) -> 64.54669 | C103: (R²/(p−1)) / ((1−R²)/(n−p))
A104: p (F 검정) | B104: =FDIST(B103,B98-1,B97-B98) -> 6.5218594e-19 | C104: FDIST
A105: PRESS | B105: =SUM($J$5:$J$69) -> 0.014672842 | C105: Σ (e_i/(1−h_ii))²
A106: LOOCV R² | B106: =1-B105/B99 -> 0.68835678 | C106: 1 − PRESS/SS_tot
A108: LOOCV(단일제거 교차검증)를 행렬로 계산하는 원리
A109: 관측치 i를 빼고 다시 적합한 뒤 i를 예측한 오차는, 전체 적합 잔차 e_i와 레버리지 h_ii만으로 e_i/(1−h_ii)로 정확히 구해진다(PRESS 항등식). 65번 재적합할 필요가 없다.
A110: h_ii = x_i · inv(X'X) · x_iᵀ 이며, 관측치 i가 자기 적합값을 끌어당기는 힘이다. LOOCV R² = 1 − PRESS/SS_total 이 음수면 표본평균보다도 예측이 나쁘다는 뜻이다.
A112: 핵심: 이 모형은 레퍼런스 기반 2신호 모형(12_사후회귀)을 상회한다. 즉 운영 환경에서 레퍼런스 LLM을 호출하지 않고도 동등 이상의 모니터링 신호를 얻을 수 있다.
A113: 원리: 서로 다른 로컬 모델이 같은 입력에 대해 구조적으로 일치하는 출력을 내면 그 문서는 정합성이 높고, 서로 흩어지면 낮다. query-by-committee 및 self-consistency 계열 아이디어와 통한다.
A114: 검증: 14_논문대조 시트에서 이 모형의 값이 논문 보고치와 다르게 나오는 유일한 항목이므로 반드시 확인할 것.

Sheet 13B_레퍼런스프리_어휘의미
A1: 레퍼런스-프리 3신호 회귀 — 종속변수를 어휘+의미로 교체 (논문 4.3)
A2: 구조 성분을 제외한 종속변수에 대해서도 레퍼런스-프리 신호가 설명력을 유지하는지 확인한다.
A4: document_id | B4: x0 (절편) | C4: 로컬합의도_평균 | D4: 로컬합의도_분산 | E4: 출력어휘량 | F4: y (종속변수) | G4: y_hat (적합값) | H4: e (잔차) | I4: h_ii (레버리지) | J4: (e/(1-h))²
A5: ='11_문서단위'!A5 -> PAT-01 | B5: 1 | C5: ='11_문서단위'!F5 -> 1 | D5: ='11_문서단위'!G5 -> 0 | E5: ='11_문서단위'!E5 -> 926.33333 | F5: ='11_문서단위'!J5 -> 0.5720897 | G5: =$B5*$B$92+$C5*$B$93+$D5*$B$94+$E5*$B$95 -> 0.59789907 | H5: =F5-G5 -> -0.02580937 | I5: =SUMPRODUCT(MMULT(B5:E5,$B$80:$E$83),B5:E5) -> 0.035435373 | J5: =(H5/(1-I5))^2 -> 0.0007159656
A6: ='11_문서단위'!A6 -> PAT-02 | B6: 1 | C6: ='11_문서단위'!F6 -> 0.76578947 | D6: ='11_문서단위'!G6 -> 0.20287067 | E6: ='11_문서단위'!E6 -> 902.66667 | F6: ='11_문서단위'!J6 -> 0.59422285 | G6: =$B6*$B$92+$C6*$B$93+$D6*$B$94+$E6*$B$95 -> 0.59968316 | H6: =F6-G6 -> -0.0054603044 | I6: =SUMPRODUCT(MMULT(B6:E6,$B$80:$E$83),B6:E6) -> 0.025362598 | J6: =(H6/(1-I6))^2 -> 3.1386838e-05
A7: ='11_문서단위'!A7 -> PAT-03 | B7: 1 | C7: ='11_문서단위'!F7 -> 0.66447368 | D7: ='11_문서단위'!G7 -> 0.16155302 | E7: ='11_문서단위'!E7 -> 821 | F7: ='11_문서단위'!J7 -> 0.58505483 | G7: =$B7*$B$92+$C7*$B$93+$D7*$B$94+$E7*$B$95 -> 0.58331147 | H7: =F7-G7 -> 0.0017433558 | I7: =SUMPRODUCT(MMULT(B7:E7,$B$80:$E$83),B7:E7) -> 0.095394605 | J7: =(H7/(1-I7))^2 -> 3.7141012e-06
A8: ='11_문서단위'!A8 -> PAT-04 | B8: 1 | C8: ='11_문서단위'!F8 -> 1 | D8: ='11_문서단위'!G8 -> 0 | E8: ='11_문서단위'!E8 -> 906.66667 | F8: ='11_문서단위'!J8 -> 0.61259532 | G8: =$B8*$B$92+$C8*$B$93+$D8*$B$94+$E8*$B$95 -> 0.59877852 | H8: =F8-G8 -> 0.013816804 | I8: =SUMPRODUCT(MMULT(B8:E8,$B$80:$E$83),B8:E8) -> 0.031269417 | J8: =(H8/(1-I8))^2 -> 0.00020342727
A9: ='11_문서단위'!A9 -> PAT-05 | B9: 1 | C9: ='11_문서단위'!F9 -> 0.68421053 | D9: ='11_문서단위'!G9 -> 0.27348171 | E9: ='11_문서단위'!E9 -> 899.66667 | F9: ='11_문서단위'!J9 -> 0.61128285 | G9: =$B9*$B$92+$C9*$B$93+$D9*$B$94+$E9*$B$95 -> 0.60006195 | H9: =F9-G9 -> 0.011220899 | I9: =SUMPRODUCT(MMULT(B9:E9,$B$80:$E$83),B9:E9) -> 0.043000597 | J9: =(H9/(1-I9))^2 -> 0.00013747761
A10: ='11_문서단위'!A10 -> PAT-06 | B10: 1 | C10: ='11_문서단위'!F10 -> 0.73684211 | D10: ='11_문서단위'!G10 -> 0.22790142 | E10: ='11_문서단위'!E10 -> 885 | F10: ='11_문서단위'!J10 -> 0.61443637 | G10: =$B10*$B$92+$C10*$B$93+$D10*$B$94+$E10*$B$95 -> 0.60055607 | H10: =F10-G10 -> 0.0138803 | I10: =SUMPRODUCT(MMULT(B10:E10,$B$80:$E$83),B10:E10) -> 0.029904059 | J10: =(H10/(1-I10))^2 -> 0.00020472379
A11: ='11_문서단위'!A11 -> PAT-07 | B11: 1 | C11: ='11_문서단위'!F11 -> 1 | D11: ='11_문서단위'!G11 -> 0 | E11: ='11_문서단위'!E11 -> 987.33333 | F11: ='11_문서단위'!J11 -> 0.61891469 | G11: =$B11*$B$92+$C11*$B$93+$D11*$B$94+$E11*$B$95 -> 0.5951713 | H11: =F11-G11 -> 0.023743392 | I11: =SUMPRODUCT(MMULT(B11:E11,$B$80:$E$83),B11:E11) -> 0.058736875 | J11: =(H11/(1-I11))^2 -> 0.00063630222
A12: ='11_문서단위'!A12 -> PAT-08 | B12: 1 | C12: ='11_문서단위'!F12 -> 1 | D12: ='11_문서단위'!G12 -> 0 | E12: ='11_문서단위'!E12 -> 887.33333 | F12: ='11_문서단위'!J12 -> 0.61931052 | G12: =$B12*$B$92+$C12*$B$93+$D12*$B$94+$E12*$B$95 -> 0.59964306 | H12: =F12-G12 -> 0.019667464 | I12: =SUMPRODUCT(MMULT(B12:E12,$B$80:$E$83),B12:E12) -> 0.028764609 | J12: =(H12/(1-I12))^2 -> 0.0004100603
A13: ='11_문서단위'!A13 -> PAT-09 | B13: 1 | C13: ='11_문서단위'!F13 -> 0.68421053 | D13: ='11_문서단위'!G13 -> 0.27348171 | E13: ='11_문서단위'!E13 -> 895.66667 | F13: ='11_문서단위'!J13 -> 0.60334601 | G13: =$B13*$B$92+$C13*$B$93+$D13*$B$94+$E13*$B$95 -> 0.60024082 | H13: =F13-G13 -> 0.0031051929 | I13: =SUMPRODUCT(MMULT(B13:E13,$B$80:$E$83),B13:E13) -> 0.042866175 | J13: =(H13/(1-I13))^2 -> 1.0525236e-05
A14: ='11_문서단위'!A14 -> PAT-10 | B14: 1 | C14: ='11_문서단위'!F14 -> 1 | D14: ='11_문서단위'!G14 -> 0 | E14: ='11_문서단위'!E14 -> 774.66667 | F14: ='11_문서단위'!J14 -> 0.58675642 | G14: =$B14*$B$92+$C14*$B$93+$D14*$B$94+$E14*$B$95 -> 0.60468124 | H14: =F14-G14 -> -0.017924818 | I14: =SUMPRODUCT(MMULT(B14:E14,$B$80:$E$83),B14:E14) -> 0.045539595 | J14: =(H14/(1-I14))^2 -> 0.00035269044
A15: ='11_문서단위'!A15 -> PAT-11 | B15: 1 | C15: ='11_문서단위'!F15 -> 1 | D15: ='11_문서단위'!G15 -> 0 | E15: ='11_문서단위'!E15 -> 798 | F15: ='11_문서단위'!J15 -> 0.61749228 | G15: =$B15*$B$92+$C15*$B$93+$D15*$B$94+$E15*$B$95 -> 0.60363783 | H15: =F15-G15 -> 0.013854445 | I15: =SUMPRODUCT(MMULT(B15:E15,$B$80:$E$83),B15:E15) -> 0.037668421 | J15: =(H15/(1-I15))^2 -> 0.00020726635
A16: ='11_문서단위'!A16 -> PAT-12 | B16: 1 | C16: ='11_문서단위'!F16 -> 1 | D16: ='11_문서단위'!G16 -> 0 | E16: ='11_문서단위'!E16 -> 666.33333 | F16: ='11_문서단위'!J16 -> 0.62768534 | G16: =$B16*$B$92+$C16*$B$93+$D16*$B$94+$E16*$B$95 -> 0.60952565 | H16: =F16-G16 -> 0.018159694 | I16: =SUMPRODUCT(MMULT(B16:E16,$B$80:$E$83),B16:E16) -> 0.11217352 | J16: =(H16/(1-I16))^2 -> 0.00041837032
... A69: ='11_문서단위'!A69 -> RPT-34 | B69: 1 | C69: ='11_문서단위'!F69 -> 0.68421053 | D69: ='11_문서단위'!G69 -> 0.27348171 | E69: ='11_문서단위'!E69 -> 983.66667 | F69: ='11_문서단위'!J69 -> 0.59023223 | G69: =$B69*$B$92+$C69*$B$93+$D69*$B$94+$E69*$B$95 -> 0.59630567 | H69: =F69-G69 -> -0.0060734427 | I69: =SUMPRODUCT(MMULT(B69:E69,$B$80:$E$83),B69:E69) -> 0.061416625 | J69: =(H69/(1-I69))^2 -> 4.1872044e-05
A72: 1단계: X'X (설계행렬의 교차곱, 4x4)
A73: X = [1, 로컬합의도_평균, 로컬합의도_분산, 출력어휘량] 의 65x4 행렬. 각 셀 = SUMPRODUCT(열_i, 열_j)
A74: B열 | B74: =SUMPRODUCT($B$5:$B$69,$B$5:$B$69) -> 65 | C74: =SUMPRODUCT($B$5:$B$69,$C$5:$C$69) -> 55.752105 | D74: =SUMPRODUCT($B$5:$B$69,$D$5:$D$69) -> 7.4068025 | E74: =SUMPRODUCT($B$5:$B$69,$E$5:$E$69) -> 56800.333
A75: C열 | B75: =SUMPRODUCT($C$5:$C$69,$B$5:$B$69) -> 55.752105 | C75: =SUMPRODUCT($C$5:$C$69,$C$5:$C$69) -> 49.695827 | D75: =SUMPRODUCT($C$5:$C$69,$D$5:$D$69) -> 5.0442225 | E75: =SUMPRODUCT($C$5:$C$69,$E$5:$E$69) -> 48681.809
A76: D열 | B76: =SUMPRODUCT($D$5:$D$69,$B$5:$B$69) -> 7.4068025 | C76: =SUMPRODUCT($D$5:$D$69,$C$5:$C$69) -> 5.0442225 | D76: =SUMPRODUCT($D$5:$D$69,$D$5:$D$69) -> 1.8874557 | E76: =SUMPRODUCT($D$5:$D$69,$E$5:$E$69) -> 6540.4497
A77: E열 | B77: =SUMPRODUCT($E$5:$E$69,$B$5:$B$69) -> 56800.333 | C77: =SUMPRODUCT($E$5:$E$69,$C$5:$C$69) -> 48681.809 | D77: =SUMPRODUCT($E$5:$E$69,$D$5:$D$69) -> 6540.4497 | E77: =SUMPRODUCT($E$5:$E$69,$E$5:$E$69) -> 50123388
A79: 2단계: inv(X'X) (역행렬)
B80: =INDEX(MINVERSE($B$74:$E$77),1,1) -> 5.2236297 | C80: =INDEX(MINVERSE($B$74:$E$77),1,2) -> -3.9847891 | D80: =INDEX(MINVERSE($B$74:$E$77),1,3) -> -5.0163602 | E80: =INDEX(MINVERSE($B$74:$E$77),1,4) -> -0.0013947165
B81: =INDEX(MINVERSE($B$74:$E$77),2,1) -> -3.9847891 | C81: =INDEX(MINVERSE($B$74:$E$77),2,2) -> 4.3568491 | D81: =INDEX(MINVERSE($B$74:$E$77),2,3) -> 5.4929228 | E81: =INDEX(MINVERSE($B$74:$E$77),2,4) -> -0.00043269486
B82: =INDEX(MINVERSE($B$74:$E$77),3,1) -> -5.0163602 | C82: =INDEX(MINVERSE($B$74:$E$77),3,2) -> 5.4929228 | D82: =INDEX(MINVERSE($B$74:$E$77),3,3) -> 7.8923765 | E82: =INDEX(MINVERSE($B$74:$E$77),3,4) -> -0.00068020499
B83: =INDEX(MINVERSE($B$74:$E$77),4,1) -> -0.0013947165 | C83: =INDEX(MINVERSE($B$74:$E$77),4,2) -> -0.00043269486 | D83: =INDEX(MINVERSE($B$74:$E$77),4,3) -> -0.00068020499 | E83: =INDEX(MINVERSE($B$74:$E$77),4,4) -> 2.1094659e-06
A85: 3단계: X'y 와 회귀계수 beta = inv(X'X)·X'y
A86: X'y B | B86: =SUMPRODUCT($B$5:$B$69,$F$5:$F$69) -> 38.949535
A87: X'y C | B87: =SUMPRODUCT($C$5:$C$69,$F$5:$F$69) -> 33.453633
A88: X'y D | B88: =SUMPRODUCT($D$5:$D$69,$F$5:$F$69) -> 4.425133
A89: X'y E | B89: =SUMPRODUCT($E$5:$E$69,$F$5:$F$69) -> 34020.011
A92: beta 절편 | B92: =INDEX(MMULT($B$80:$E$83,$B$86:$B$89),1,1) -> 0.50594234
A93: beta 로컬합의도_평균 | B93: =INDEX(MMULT($B$80:$E$83,$B$86:$B$89),2,1) -> 0.13338013
A94: beta 로컬합의도_분산 | B94: =INDEX(MMULT($B$80:$E$83,$B$86:$B$89),3,1) -> 0.15756245
A95: beta 출력어휘량 | B95: =INDEX(MMULT($B$80:$E$83,$B$86:$B$89),4,1) -> -4.4717592e-05
A96: 4단계: 적합도 통계
A97: n (문서 수) | B97: =COUNT($F$5:$F$69) -> 65 | C97: n
A98: p (모수 개수, 절편 포함) | B98: =4 -> 4 | C98: k
A99: SS_total | B99: =SUMPRODUCT(($F$5:$F$69-AVERAGE($F$5:$F$69))^2) -> 0.012617687 | C99: Σ(y − ȳ)²
A100: SS_residual | B100: =SUMPRODUCT($H$5:$H$69,$H$5:$H$69) -> 0.0078881865 | C100: Σe²
A101: R² | B101: =1-B100/B99 -> 0.37483102 | C101: 1 − SS_res/SS_tot
A102: adjusted R² | B102: =1-(1-B101)*(B97-1)/(B97-B98) -> 0.344085 | C102: 1 − (1−R²)(n−1)/(n−p)
A103: F | B103: =(B101/(B98-1))/((1-B101)/(B97-B98)) -> 12.191206 | C103: (R²/(p−1)) / ((1−R²)/(n−p))
A104: p (F 검정) | B104: =FDIST(B103,B98-1,B97-B98) -> 2.3757785e-06 | C104: FDIST
A105: PRESS | B105: =SUM($J$5:$J$69) -> 0.009502348 | C105: Σ (e_i/(1−h_ii))²
A106: LOOCV R² | B106: =1-B105/B99 -> 0.24690254 | C106: 1 − PRESS/SS_tot
A108: LOOCV(단일제거 교차검증)를 행렬로 계산하는 원리
A109: 관측치 i를 빼고 다시 적합한 뒤 i를 예측한 오차는, 전체 적합 잔차 e_i와 레버리지 h_ii만으로 e_i/(1−h_ii)로 정확히 구해진다(PRESS 항등식). 65번 재적합할 필요가 없다.
A110: h_ii = x_i · inv(X'X) · x_iᵀ 이며, 관측치 i가 자기 적합값을 끌어당기는 힘이다. LOOCV R² = 1 − PRESS/SS_total 이 음수면 표본평균보다도 예측이 나쁘다는 뜻이다.
A112: 종속변수는 어휘 그룹과 의미 그룹만 가중평균한 값이다(11_문서단위 J열). 구조 지표를 완전히 배제했으므로 순환 논리가 없다.
A113: 해석: 설명력이 크게 줄지만 소멸하지는 않는다. 레퍼런스 기반 2신호는 같은 조건에서 설명력이 사실상 사라지므로(13C_보조모형 참조), 레퍼런스-프리 신호가 구조 붕괴 탐지를 넘어 정합성 전반에 대한 부분적 예측력을 갖는다는 근거가 된다.

Sheet 13C_보조모형
A1: 보조 모형: 단일 예측변수 회귀와 순위상관
A2: 논문 4.3에 인용된 단독 설명력 수치를 닫힌 형태 수식으로 계산한다. 12·13 시트의 행렬 연산 없이도 동일 결과가 나온다.
A4: 단일 예측변수 회귀 (모두 11_문서단위 열을 직접 참조)
A5: b1=SLOPE, b0=INTERCEPT, R²=RSQ. 레버리지 h_i = 1/n + (x_i−x̄)²/DEVSQ(x) 이므로 PRESS = Σ ((y_i − b0 − b1·x_i)/(1 − h_i))² 를 보조열 없이 한 개의 SUMPRODUCT로 계산할 수 있다.
A6: 모형 | B6: 종속변수 y | C6: 설명변수 x | D6: R² | E6: LOOCV R² | F6: 기울기 b1 | G6: 절편 b0 | H6: F | I6: p
A7: TEDS표 분산 단독 | B7: Overall | C7: TEDS표 표준편차 | D7: =RSQ('11_문서단위'!$B$5:$B$69,'11_문서단위'!$D$5:$D$69) -> 0.63196902 | E7: =1-SUMPRODUCT((('11_문서단위'!$B$5:$B$69-G7-F7*'11_문서단위'!$D$5:$D$69)/(1-1/65-('11_문서단위'!$D$5:$D$69-AVERAGE('11_문서단위'!$D$5:$D$69))^2/DEVSQ('11_문서단위'!$D$5:$D$69)))^2)/DEVSQ('11_문서단위'!$B$5:$B$69) -> 0.5806224 | F7: =SLOPE('11_문서단위'!$B$5:$B$69,'11_문서단위'!$D$5:$D$69) -> -0.18356799 | G7: =INTERCEPT('11_문서단위'!$B$5:$B$69,'11_문서단위'!$D$5:$D$69) -> 0.63966876 | H7: =D7/(1-D7)*63 -> 108.18124 | I7: =FDIST(H7,1,63) -> 2.6408663e-15
A8: 출력 어휘량 단독 | B8: Overall | C8: 출력 어휘량 | D8: =RSQ('11_문서단위'!$B$5:$B$69,'11_문서단위'!$E$5:$E$69) -> 0.084365252 | E8: =1-SUMPRODUCT((('11_문서단위'!$B$5:$B$69-G8-F8*'11_문서단위'!$E$5:$E$69)/(1-1/65-('11_문서단위'!$E$5:$E$69-AVERAGE('11_문서단위'!$E$5:$E$69))^2/DEVSQ('11_문서단위'!$E$5:$E$69)))^2)/DEVSQ('11_문서단위'!$B$5:$B$69) -> 0.023953634 | F8: =SLOPE('11_문서단위'!$B$5:$B$69,'11_문서단위'!$E$5:$E$69) -> -9.0187689e-05 | G8: =INTERCEPT('11_문서단위'!$B$5:$B$69,'11_문서단위'!$E$5:$E$69) -> 0.69695907 | H8: =D8/(1-D8)*63 -> 5.8047282 | I8: =FDIST(H8,1,63) -> 0.018917686
A9: 로컬 합의도 단독 | B9: Overall | C9: 로컬합의도 평균 | D9: =RSQ('11_문서단위'!$B$5:$B$69,'11_문서단위'!$F$5:$F$69) -> 0.60096612 | E9: =1-SUMPRODUCT((('11_문서단위'!$B$5:$B$69-G9-F9*'11_문서단위'!$F$5:$F$69)/(1-1/65-('11_문서단위'!$F$5:$F$69-AVERAGE('11_문서단위'!$F$5:$F$69))^2/DEVSQ('11_문서단위'!$F$5:$F$69)))^2)/DEVSQ('11_문서단위'!$B$5:$B$69) -> 0.53792476 | F9: =SLOPE('11_문서단위'!$B$5:$B$69,'11_문서단위'!$F$5:$F$69) -> 0.12281512 | G9: =INTERCEPT('11_문서단위'!$B$5:$B$69,'11_문서단위'!$F$5:$F$69) -> 0.51280688 | H9: =D9/(1-D9)*63 -> 94.881332 | I9: =FDIST(H9,1,63) -> 3.4561861e-14
A10: TEDS표 분산 → 어휘+의미 | B10: 어휘+의미 | C10: TEDS표 표준편차 | D10: =RSQ('11_문서단위'!$J$5:$J$69,'11_문서단위'!$D$5:$D$69) -> 0.035685349 | E10: =1-SUMPRODUCT((('11_문서단위'!$J$5:$J$69-G10-F10*'11_문서단위'!$D$5:$D$69)/(1-1/65-('11_문서단위'!$D$5:$D$69-AVERAGE('11_문서단위'!$D$5:$D$69))^2/DEVSQ('11_문서단위'!$D$5:$D$69)))^2)/DEVSQ('11_문서단위'!$J$5:$J$69) -> -0.076235149 | F10: =SLOPE('11_문서단위'!$J$5:$J$69,'11_문서단위'!$D$5:$D$69) -> -0.022581647 | G10: =INTERCEPT('11_문서단위'!$J$5:$J$69,'11_문서단위'!$D$5:$D$69) -> 0.60187094 | H10: =D10/(1-D10)*63 -> 2.3313728 | I10: =FDIST(H10,1,63) -> 0.13179527
A11: 출력 어휘량 → 어휘+의미 | B11: 어휘+의미 | C11: 출력 어휘량 | D11: =RSQ('11_문서단위'!$J$5:$J$69,'11_문서단위'!$E$5:$E$69) -> 0.042012113 | E11: =1-SUMPRODUCT((('11_문서단위'!$J$5:$J$69-G11-F11*'11_문서단위'!$E$5:$E$69)/(1-1/65-('11_문서단위'!$E$5:$E$69-AVERAGE('11_문서단위'!$E$5:$E$69))^2/DEVSQ('11_문서단위'!$E$5:$E$69)))^2)/DEVSQ('11_문서단위'!$J$5:$J$69) -> -0.021412751 | F11: =SLOPE('11_문서단위'!$J$5:$J$69,'11_문서단위'!$E$5:$E$69) -> -3.2946881e-05 | G11: =INTERCEPT('11_문서단위'!$J$5:$J$69,'11_문서단위'!$E$5:$E$69) -> 0.62801429 | H11: =D11/(1-D11)*63 -> 2.7628357 | I11: =FDIST(H11,1,63) -> 0.10144541
A13: Spearman 순위상관 (11_문서단위 L~P열의 순위를 CORREL)
A14: Spearman ρ = 두 변수를 각각 순위로 바꾼 뒤의 Pearson 상관. 동점이 있는 변수(TEDS표 표준편차가 0인 문서, 로컬 합의도가 1.0인 문서)가 있으므로 평균순위를 사용한다: COUNTIF(범위,"<"&값) + (COUNTIF(범위,"="&값)+1)/2
A15: 상관 | B15: 변수 1 | C15: 변수 2 | D15: Spearman rho | E15: 해석
A16: 출력어휘량 ↔ Overall | B16: 출력 어휘량 | C16: 문서평균 Overall | D16: =CORREL('11_문서단위'!$N$5:$N$69,'11_문서단위'!$L$5:$L$69) -> -0.42696678 | E16: 출력이 장황할수록 레퍼런스 정합성이 낮다
A17: 출력어휘량 ↔ TEDS표 분산 | B17: 출력 어휘량 | C17: TEDS표 표준편차 | D17: =CORREL('11_문서단위'!$N$5:$N$69,'11_문서단위'!$M$5:$M$69) -> 0.13537347 | E17: 두 신호가 거의 독립이므로 결합 시 설명력이 더해진다
A18: 로컬합의도 ↔ TEDS표 분산 | B18: 로컬합의도 평균 | C18: TEDS표 표준편차 | D18: =CORREL('11_문서단위'!$O$5:$O$69,'11_문서단위'!$M$5:$M$69) -> -0.84904917 | E18: 강한 음의 상관. 레퍼런스 없이도 같은 정보를 담고 있다는 근거
A20: 해석: TEDS표 분산 단독으로 이미 R²=0.632이며, 출력 어휘량은 단독으로는 약하지만(R²=0.084) TEDS 분산과 거의 독립이어서 결합 시 교차검증 성능을 0.581에서 0.604로 끌어올린다.
A21: 결정적 대비: 종속변수에서 구조 그룹을 빼면 두 레퍼런스 기반 신호는 설명력이 사실상 사라진다(R²=0.036, 0.042, LOOCV R²<0). 즉 이 모형은 정합성 전반의 예측자가 아니라 구조적 정합성 변동의 탐지기다.
A22: 반면 레퍼런스-프리 3신호는 같은 조건에서도 설명력을 유지한다(13B 시트).

Sheet 14_논문대조
A1: 논문 보고값 vs 워크북 재계산값 대조
A2: 논문(KIIT논문_최종본)에 인쇄된 모든 수치를 이 워크북의 수식 결과와 1:1로 대조한다. 판정은 자동 계산되므로 입력값을 바꾸면 즉시 갱신된다.
A4: # | B4: 논문 위치 | C4: 항목 | D4: 논문 보고값 | E4: 워크북 계산값 | F4: 차이 | G4: 판정 | H4: 허용오차
A5: 1 | B5: 4.2 / 표 | C5: eta² 레퍼런스 | D5: 0.282 | E5: ='05_이원분산분석'!B20 -> 0.28225489 | F5: =E5-D5 -> 0.00025489454 | G5: =IF(ABS(F5)<=H5,"일치","불일치") -> 일치 | H5: 0.0005
A6: 2 | B6: 4.2 / 표 | C6: eta² 모델 | D6: 0.246 | E6: ='05_이원분산분석'!B21 -> 0.24567349 | F6: =E6-D6 -> -0.00032651453 | G6: =IF(ABS(F6)<=H6,"일치","불일치") -> 일치 | H6: 0.0005
A7: 3 | B7: 4.2 / 표 | C7: eta² 상호작용 | D7: 0.082 | E7: ='05_이원분산분석'!B22 -> 0.081770755 | F7: =E7-D7 -> -0.00022924536 | G7: =IF(ABS(F7)<=H7,"일치","불일치") -> 일치 | H7: 0.0005
A8: 4 | B8: 4.2 | C8: eta² 레퍼런스 관련 합 | D8: 0.364 | E8: ='05_이원분산분석'!B23 -> 0.36402565 | F8: =E8-D8 -> 2.5649176e-05 | G8: =IF(ABS(F8)<=H8,"일치","불일치") -> 일치 | H8: 0.0005
A9: 5 | B9: 4.2 | C9: 점수 이동 비 (레퍼런스/모델) | D9: 1.4 | E9: ='05_이원분산분석'!B27 -> 1.4195651 | F9: =E9-D9 -> 0.019565096 | G9: =IF(ABS(F9)<=H9,"일치","불일치") -> 일치 | H9: 0.05
A10: 6 | B10: 4.2 | C10: eta² 비 (레퍼런스합/모델) | D10: 1.15 | E10: ='05_이원분산분석'!B24 -> 1.1489026 | F10: =E10-D10 -> -0.0010974475 | G10: =IF(ABS(F10)<=H10,"일치","불일치") -> 일치 | H10: 0.05
A11: 7 | B11: 4.2 | C11: ICC (문서 확률효과) | D11: 0.269 | E11: ='06_ICC'!B16 -> 0.26874851 | F11: =E11-D11 -> -0.00025148809 | G11: =IF(ABS(F11)<=H11,"일치","불일치") -> 일치 | H11: 0.0005
A12: 8 | B12: 표 4 | C12: 평균 ChatGPT (최저 관대함) | D12: 0.5455 | E12: ='07_관대함변별력'!C5 -> 0.54551756 | F12: =E12-D12 -> 1.7560489e-05 | G12: =IF(ABS(F12)<=H12,"일치","불일치") -> 일치 | H12: 0.0001
A13: 9 | B13: 표 4 | C13: 평균 Mistral | D13: 0.6118 | E13: ='07_관대함변별력'!C8 -> 0.61183125 | F13: =E13-D13 -> 3.1254907e-05 | G13: =IF(ABS(F13)<=H13,"일치","불일치") -> 일치 | H13: 0.0001
A14: 10 | B14: 표 4 | C14: 평균 Claude | D14: 0.6215 | E14: ='07_관대함변별력'!C6 -> 0.62153883 | F14: =E14-D14 -> 3.8828966e-05 | G14: =IF(ABS(F14)<=H14,"일치","불일치") -> 일치 | H14: 0.0001
A15: 11 | B15: 표 4 | C15: 평균 Qwen3.6 | D15: 0.6501 | E15: ='07_관대함변별력'!C9 -> 0.65009193 | F15: =E15-D15 -> -8.0690731e-06 | G15: =IF(ABS(F15)<=H15,"일치","불일치") -> 일치 | H15: 0.0001
A16: 12 | B16: 표 4 | C16: 평균 Gemini (최고 관대함) | D16: 0.6618 | E16: ='07_관대함변별력'!C7 -> 0.66176261 | F16: =E16-D16 -> -3.738566e-05 | G16: =IF(ABS(F16)<=H16,"일치","불일치") -> 일치 | H16: 0.0001
A17: 13 | B17: 표 4 | C17: 변별폭 ChatGPT | D17: 0.029 | E17: ='07_관대함변별력'!H5 -> 0.028903451 | F17: =E17-D17 -> -9.6548702e-05 | G17: =IF(ABS(F17)<=H17,"일치","불일치") -> 일치 | H17: 0.0005
A18: 14 | B18: 표 4 | C18: 변별폭 Mistral | D18: 0.05 | E18: ='07_관대함변별력'!H8 -> 0.05016559 | F18: =E18-D18 -> 0.0001655901 | G18: =IF(ABS(F18)<=H18,"일치","불일치") -> 일치 | H18: 0.0005
A19: 15 | B19: 표 4 | C19: 변별폭 Claude | D19: 0.084 | E19: ='07_관대함변별력'!H6 -> 0.083532232 | F19: =E19-D19 -> -0.00046776845 | G19: =IF(ABS(F19)<=H19,"일치","불일치") -> 일치 | H19: 0.0005
A20: 16 | B20: 표 4 | C20: 변별폭 Gemini | D20: 0.138 | E20: ='07_관대함변별력'!H7 -> 0.13825272 | F20: =E20-D20 -> 0.00025271855 | G20: =IF(ABS(F20)<=H20,"일치","불일치") -> 일치 | H20: 0.0005
A21: 17 | B21: 표 4 | C21: 변별폭 Qwen3.6 | D21: 0.148 | E21: ='07_관대함변별력'!H9 -> 0.14811384 | F21: =E21-D21 -> 0.00011384389 | G21: =IF(ABS(F21)<=H21,"일치","불일치") -> 일치 | H21: 0.0005
A22: 18 | B22: 표 4 | C22: 모델간 분산비중 ChatGPT(%) | D22: 10 | E22: ='07_관대함변별력'!I5 -> 10.308902 | F22: =E22-D22 -> 0.30890159 | G22: =IF(ABS(F22)<=H22,"일치","불일치") -> 일치 | H22: 0.5
A23: 19 | B23: 표 4 | C23: 모델간 분산비중 Mistral(%) | D23: 15 | E23: ='07_관대함변별력'!I8 -> 15.480968 | F23: =E23-D23 -> 0.48096767 | G23: =IF(ABS(F23)<=H23,"일치","불일치") -> 일치 | H23: 0.5
A24: 20 | B24: 표 4 | C24: 모델간 분산비중 Claude(%) | D24: 38 | E24: ='07_관대함변별력'!I6 -> 37.715318 | F24: =E24-D24 -> -0.28468222 | G24: =IF(ABS(F24)<=H24,"일치","불일치") -> 일치 | H24: 0.5
A25: 21 | B25: 표 4 | C25: 모델간 분산비중 Gemini(%) | D25: 54 | E25: ='07_관대함변별력'!I7 -> 53.57418 | F25: =E25-D25 -> -0.42582002 | G25: =IF(ABS(F25)<=H25,"일치","불일치") -> 일치 | H25: 0.5
A26: 22 | B26: 표 4 | C26: 모델간 분산비중 Qwen3.6(%) | D26: 65 | E26: ='07_관대함변별력'!I9 -> 64.562878 | F26: =E26-D26 -> -0.43712243 | G26: =IF(ABS(F26)<=H26,"일치","불일치") -> 일치 | H26: 0.5
A27: 23 | B27: 4.2 | C27: 모델 평균 Ministral | D27: 0.5646 | E27: ='04_교차표'!C10 -> 0.56458675 | F27: =E27-D27 -> -1.3246598e-05 | G27: =IF(ABS(F27)<=H27,"일치","불일치") -> 일치 | H27: 0.0001
A28: 24 | B28: 4.2 | C28: 모델 평균 Qwen | D28: 0.6434 | E28: ='04_교차표'!D10 -> 0.64338401 | F28: =E28-D28 -> -1.5986807e-05 | G28: =IF(ABS(F28)<=H28,"일치","불일치") -> 일치 | H28: 0.0001
A29: 25 | B29: 4.2 | C29: 모델 평균 Gemma | D29: 0.6465 | E29: ='04_교차표'!B10 -> 0.64647455 | F29: =E29-D29 -> -2.5452818e-05 | G29: =IF(ABS(F29)<=H29,"일치","불일치") -> 일치 | H29: 0.0001
A30: 26 | B30: 표 5 | C30: Kruskal-Wallis H | D30: 278.35 | E30: ='08_KW_Holm'!B13 -> 278.35168 | F30: =E30-D30 -> 0.0016761665 | G30: =IF(ABS(F30)<=H30,"일치","불일치") -> 일치 | H30: 0.05
A31: 27 | B31: 표 5 | C31: U (Gemma vs Ministral) | D31: 86214 | E31: ='08_KW_Holm'!H24 -> 86214 | F31: =E31-D31 -> 0 | G31: =IF(ABS(F31)<=H31,"일치","불일치") -> 일치 | H31: 1
A32: 28 | B32: 표 5 | C32: r (Gemma vs Ministral) | D32: 0.632 | E32: ='08_KW_Holm'!N24 -> 0.63245444 | F32: =E32-D32 -> 0.00045443787 | G32: =IF(ABS(F32)<=H32,"일치","불일치") -> 일치 | H32: 0.0015
A33: 29 | B33: 표 5 | C33: U (Gemma vs Qwen) | D33: 53538 | E33: ='08_KW_Holm'!H25 -> 53538 | F33: =E33-D33 -> 0 | G33: =IF(ABS(F33)<=H33,"일치","불일치") -> 일치 | H33: 1
A34: 30 | B34: 표 5 | C34: r (Gemma vs Qwen) | D34: 0.014 | E34: ='08_KW_Holm'!N25 -> 0.013737278 | F34: =E34-D34 -> -0.00026272189 | G34: =IF(ABS(F34)<=H34,"일치","불일치") -> 일치 | H34: 0.0015
A35: 31 | B35: 표 5 | C35: U (Ministral vs Qwen) | D35: 17060 | E35: ='08_KW_Holm'!H26 -> 17060 | F35: =E35-D35 -> 0 | G35: =IF(ABS(F35)<=H35,"일치","불일치") -> 일치 | H35: 1
A36: 32 | B36: 표 5 | C36: r (Ministral vs Qwen) | D36: -0.677 | E36: ='08_KW_Holm'!N26 -> -0.67697041 | F36: =E36-D36 -> 2.9585799e-05 | G36: =IF(ABS(F36)<=H36,"일치","불일치") -> 일치 | H36: 0.0015
A37: 33 | B37: 표 7 | C37: D_raw Google | D37: 0.089 | E37: ='10_계열편향'!F8 -> 0.088971557 | F37: =E37-D37 -> -2.8442637e-05 | G37: =IF(ABS(F37)<=H37,"일치","불일치") -> 일치 | H37: 0.0002
A38: 34 | B38: 표 7 | C38: D_raw Alibaba | D38: 0.0488 | E38: ='10_계열편향'!F9 -> 0.0487934 | F38: =E38-D38 -> -6.6001854e-06 | G38: =IF(ABS(F38)<=H38,"일치","불일치") -> 일치 | H38: 0.0002
A39: 35 | B39: 표 7 | C39: D_raw Mistral | D39: 0.0208 | E39: ='10_계열편향'!F10 -> 0.020795654 | F39: =E39-D39 -> -4.3464803e-06 | G39: =IF(ABS(F39)<=H39,"일치","불일치") -> 일치 | H39: 0.0002
A40: 36 | B40: 표 7 | C40: D* Google | D40: 0.0276 | E40: ='10_계열편향'!C16 -> 0.027563069 | F40: =E40-D40 -> -3.6930523e-05 | G40: =IF(ABS(F40)<=H40,"일치","불일치") -> 일치 | H40: 0.0002
A41: 37 | B41: 표 7 | C41: D* Alibaba | D41: 0.0071 | E41: ='10_계열편향'!C17 -> 0.0070912269 | F41: =E41-D41 -> -8.7731494e-06 | G41: =IF(ABS(F41)<=H41,"일치","불일치") -> 일치 | H41: 0.0002
A42: 38 | B42: 표 7 | C42: D* Mistral | D42: 0.023 | E42: ='10_계열편향'!C18 -> 0.022953706 | F42: =E42-D42 -> -4.6294166e-05 | G42: =IF(ABS(F42)<=H42,"일치","불일치") -> 일치 | H42: 0.0002
A43: 39 | B43: 4.4 | C43: 동일계열 평균 | D43: 0.6604 | E43: ='10_계열편향'!C22 -> 0.66043127 | F43: =E43-D43 -> 3.1267445e-05 | G43: =IF(ABS(F43)<=H43,"일치","불일치") -> 일치 | H43: 0.0001
A44: 40 | B44: 4.4 | C44: 교차계열 평균 | D44: 0.6076 | E44: ='10_계열편향'!C23 -> 0.60757773 | F44: =E44-D44 -> -2.2269454e-05 | G44: =IF(ABS(F44)<=H44,"일치","불일치") -> 일치 | H44: 0.0001
A45: 41 | B45: 4.4 | C45: 동일-교차 차이 | D45: 0.053 | E45: ='10_계열편향'!C24 -> 0.052853537 | F45: =E45-D45 -> -0.0001464631 | G45: =IF(ABS(F45)<=H45,"일치","불일치") -> 일치 | H45: 0.0006
A46: 42 | B46: 4.4 | C46: U (동일 vs 교차) | D46: 107366 | E46: ='10_계열편향'!E22 -> 107366 | F46: =E46-D46 -> 0 | G46: =IF(ABS(F46)<=H46,"일치","불일치") -> 일치 | H46: 1
A47: 43 | B47: 4.4 | C47: rank-biserial r | D47: 0.412 | E47: ='10_계열편향'!H22 -> 0.41178172 | F47: =E47-D47 -> -0.00021827745 | G47: =IF(ABS(F47)<=H47,"일치","불일치") -> 일치 | H47: 0.0015
A48: 44 | B48: 4.3 | C48: 문서형식 Mann-Whitney p | D48: 0.458 | E48: ='11_문서단위'!G80 -> 0.45407403 | F48: =E48-D48 -> -0.0039259684 | G48: =IF(ABS(F48)<=H48,"일치","불일치") -> 일치 | H48: 0.01
A49: 45 | B49: 3.4 | C49: Levene F (중앙값 기준) | D49: 4.963 | E49: ='05B_가정검정'!B37 -> 4.9627947 | F49: =E49-D49 -> -0.00020534359 | G49: =IF(ABS(F49)<=H49,"일치","불일치") -> 일치 | H49: 0.0006
A50: 46 | B50: 3.4 | C50: Levene df1 | D50: 14 | E50: ='05B_가정검정'!B35 -> 14 | F50: =E50-D50 -> 0 | G50: =IF(ABS(F50)<=H50,"일치","불일치") -> 일치 | H50: 0
A51: 47 | B51: 3.4 | C51: Levene df2 | D51: 960 | E51: ='05B_가정검정'!B36 -> 960 | F51: =E51-D51 -> 0 | G51: =IF(ABS(F51)<=H51,"일치","불일치") -> 일치 | H51: 0
A52: 48 | B52: 3.4 | C52: 전체 잔차 왜도 | D52: -2.4 | E52: ='05B_가정검정'!B43 -> -2.3995564 | F52: =E52-D52 -> 0.00044359546 | G52: =IF(ABS(F52)<=H52,"일치","불일치") -> 일치 | H52: 0.0006
A53: 49 | B53: 3.4 | C53: 전체 잔차 첨도(초과) | D53: 15.849 | E53: ='05B_가정검정'!B44 -> 15.849145 | F53: =E53-D53 -> 0.00014543486 | G53: =IF(ABS(F53)<=H53,"일치","불일치") -> 일치 | H53: 0.0006
A54: 50 | B54: 4.4 | C54: 문서형식×잔차부호 카이제곱 | D54: 1.1 | E54: ='10B_문서단위잔차'!B92 -> 1.1003522 | F54: =E54-D54 -> 0.00035218725 | G54: =IF(ABS(F54)<=H54,"일치","불일치") -> 일치 | H54: 0.0006
A55: 51 | B55: 4.4 | C55: 〃 p | D55: 0.294 | E55: ='10B_문서단위잔차'!B94 -> 0.29418883 | F55: =E55-D55 -> 0.00018882693 | G55: =IF(ABS(F55)<=H55,"일치","불일치") -> 일치 | H55: 0.0006
A56: 52 | B56: 4.4 | C56: 양의 잔차 비율 특허(%) | D56: 78.5 | E56: =('10B_문서단위잔차'!E83)*100 -> 78.494624 | F56: =E56-D56 -> -0.0053763441 | G56: =IF(ABS(F56)<=H56,"일치","불일치") -> 일치 | H56: 0.06
A57: 53 | B57: 4.4 | C57: 양의 잔차 비율 보고서(%) | D57: 85.3 | E57: =('10B_문서단위잔차'!E84)*100 -> 85.294118 | F57: =E57-D57 -> -0.0058823529 | G57: =IF(ABS(F57)<=H57,"일치","불일치") -> 일치 | H57: 0.06
A58: 54 | B58: 4.3 | C58: TEDS 분산 단독 R² | D58: 0.632 | E58: ='13C_보조모형'!D7 -> 0.63196902 | F58: =E58-D58 -> -3.0984771e-05 | G58: =IF(ABS(F58)<=H58,"일치","불일치") -> 일치 | H58: 0.0015
A59: 55 | B59: 4.3 | C59: TEDS 분산 단독 LOOCV R² | D59: 0.581 | E59: ='13C_보조모형'!E7 -> 0.5806224 | F59: =E59-D59 -> -0.00037759792 | G59: =IF(ABS(F59)<=H59,"일치","불일치") -> 일치 | H59: 0.0015
A60: 56 | B60: 4.3 | C60: 출력 어휘량 단독 R² | D60: 0.084 | E60: ='13C_보조모형'!D8 -> 0.084365252 | F60: =E60-D60 -> 0.00036525203 | G60: =IF(ABS(F60)<=H60,"일치","불일치") -> 일치 | H60: 0.0015
A61: 57 | B61: 4.3 | C61: rho (출력어휘량, Overall) | D61: -0.427 | E61: ='13C_보조모형'!D16 -> -0.42696678 | F61: =E61-D61 -> 3.3216783e-05 | G61: =IF(ABS(F61)<=H61,"일치","불일치") -> 일치 | H61: 0.0015
A62: 58 | B62: 4.3 | C62: rho (출력어휘량, TEDS분산) | D62: 0.135 | E62: ='13C_보조모형'!D17 -> 0.13537347 | F62: =E62-D62 -> 0.00037347395 | G62: =IF(ABS(F62)<=H62,"일치","불일치") -> 일치 | H62: 0.0015
A63: 59 | B63: 4.3 | C63: 2신호 R² | D63: 0.673 | E63: ='12_사후회귀'!B97 -> 0.67306407 | F63: =E63-D63 -> 6.4071636e-05 | G63: =IF(ABS(F63)<=H63,"일치","불일치") -> 일치 | H63: 0.0015
A64: 60 | B64: 4.3 | C64: 2신호 adjusted R² | D64: 0.662 | E64: ='12_사후회귀'!B98 -> 0.66251775 | F64: =E64-D64 -> 0.00051775137 | G64: =IF(ABS(F64)<=H64,"일치","불일치") -> 일치 | H64: 0.0015
A65: 61 | B65: 4.3 | C65: 2신호 F | D65: 63.8 | E65: ='12_사후회귀'!B99 -> 63.819802 | F65: =E65-D65 -> 0.019802018 | G65: =IF(ABS(F65)<=H65,"일치","불일치") -> 일치 | H65: 0.5
A66: 62 | B66: 4.3 | C66: 2신호 LOOCV R² | D66: 0.604 | E66: ='12_사후회귀'!B102 -> 0.60393056 | F66: =E66-D66 -> -6.9441517e-05 | G66: =IF(ABS(F66)<=H66,"일치","불일치") -> 일치 | H66: 0.0015
A67: 63 | B67: 4.3 | C67: TEDS분산 → 어휘+의미 R² | D67: 0.036 | E67: ='13C_보조모형'!D10 -> 0.035685349 | F67: =E67-D67 -> -0.0003146513 | G67: =IF(ABS(F67)<=H67,"일치","불일치") -> 일치 | H67: 0.0015
A68: 64 | B68: 4.3 | C68: 어휘량 → 어휘+의미 R² | D68: 0.042 | E68: ='13C_보조모형'!D11 -> 0.042012113 | F68: =E68-D68 -> 1.2113298e-05 | G68: =IF(ABS(F68)<=H68,"일치","불일치") -> 일치 | H68: 0.0015
A69: 65 | B69: 4.3 | C69: 로컬 합의도 단독 R² | D69: 0.601 | E69: ='13C_보조모형'!D9 -> 0.60096612 | F69: =E69-D69 -> -3.3875881e-05 | G69: =IF(ABS(F69)<=H69,"일치","불일치") -> 일치 | H69: 0.0015
A70: 66 | B70: 4.3 | C70: 로컬 합의도 단독 LOOCV R² | D70: 0.538 | E70: ='13C_보조모형'!E9 -> 0.53792476 | F70: =E70-D70 -> -7.5239544e-05 | G70: =IF(ABS(F70)<=H70,"일치","불일치") -> 일치 | H70: 0.0015
A71: 67 | B71: 4.3 | C71: rho (로컬합의도, TEDS분산) | D71: -0.849 | E71: ='13C_보조모형'!D18 -> -0.84904917 | F71: =E71-D71 -> -4.9168656e-05 | G71: =IF(ABS(F71)<=H71,"일치","불일치") -> 일치 | H71: 0.0015
A72: 68 | B72: 4.3 | C72: 레퍼런스-프리 3신호 R² | D72: 0.76 | E72: ='13_레퍼런스프리'!B101 -> 0.76044618 | F72: =E72-D72 -> 0.00044618457 | G72: =IF(ABS(F72)<=H72,"일치","불일치") -> 일치 | H72: 0.0015
A73: 69 | B73: 4.3 | C73: 레퍼런스-프리 adjusted R² | D73: 0.749 | E73: ='13_레퍼런스프리'!B102 -> 0.74866485 | F73: =E73-D73 -> -0.00033515061 | G73: =IF(ABS(F73)<=H73,"일치","불일치") -> 일치 | H73: 0.0015
A74: 70 | B74: 4.3 | C74: 레퍼런스-프리 LOOCV R² | D74: 0.688 | E74: ='13_레퍼런스프리'!B106 -> 0.68835678 | F74: =E74-D74 -> 0.00035678287 | G74: =IF(ABS(F74)<=H74,"일치","불일치") -> 일치 | H74: 0.0015
A75: 71 | B75: 4.3 | C75: 레퍼런스-프리 → 어휘+의미 R² | D75: 0.375 | E75: ='13B_레퍼런스프리_어휘의미'!B101 -> 0.37483102 | F75: =E75-D75 -> -0.00016898468 | G75: =IF(ABS(F75)<=H75,"일치","불일치") -> 일치 | H75: 0.0015
A76: 72 | B76: 4.3 | C76: 레퍼런스-프리 → 어휘+의미 LOOCV | D76: 0.247 | E76: ='13B_레퍼런스프리_어휘의미'!B106 -> 0.24690254 | F76: =E76-D76 -> -9.7463241e-05 | G76: =IF(ABS(F76)<=H76,"일치","불일치") -> 일치 | H76: 0.0015
A77: 73 | B77: 표 3 | C77: rho lex_heavy | D77: 0.987 | E77: ='03_가중치민감도'!K6 -> 0.98658159 | F77: =E77-D77 -> -0.00041841213 | G77: =IF(ABS(F77)<=H77,"일치","불일치") -> 일치 | H77: 0.0006
A78: 74 | B78: 표 3 | C78: rho sem_heavy | D78: 0.998 | E78: ='03_가중치민감도'!K7 -> 0.99818713 | F78: =E78-D78 -> 0.00018712761 | G78: =IF(ABS(F78)<=H78,"일치","불일치") -> 일치 | H78: 0.0006
A79: 75 | B79: 표 3 | C79: rho struct_heavy | D79: 0.987 | E79: ='03_가중치민감도'!K8 -> 0.98722101 | F79: =E79-D79 -> 0.0002210124 | G79: =IF(ABS(F79)<=H79,"일치","불일치") -> 일치 | H79: 0.0006
A80: 76 | B80: 표 3 | C80: rho equal | D80: 0.995 | E80: ='03_가중치민감도'!K9 -> 0.99476359 | F80: =E80-D80 -> -0.00023641152 | G80: =IF(ABS(F80)<=H80,"일치","불일치") -> 일치 | H80: 0.0006
A81: 77 | B81: 표 3 | C81: rho sem_struct | D81: 0.99 | E81: ='03_가중치민감도'!K10 -> 0.98969632 | F81: =E81-D81 -> -0.00030368393 | G81: =IF(ABS(F81)<=H81,"일치","불일치") -> 일치 | H81: 0.0006
A82: 78 | B82: 표 3 | C82: struct_heavy Gemma 평균 | D82: 0.6507 | E82: ='03_가중치민감도'!E8 -> 0.65068827 | F82: =E82-D82 -> -1.1729052e-05 | G82: =IF(ABS(F82)<=H82,"일치","불일치") -> 일치 | H82: 0.0001
A83: 79 | B83: 표 3 | C83: sem_struct Gemma 평균 | D83: 0.7485 | E83: ='03_가중치민감도'!E10 -> 0.74854712 | F83: =E83-D83 -> 4.7118178e-05 | G83: =IF(ABS(F83)<=H83,"일치","불일치") -> 일치 | H83: 0.0001
A84: 80 | B84: 3.2 | C84: teds_doc 평균 (방언 교정 후) | D84: 0.4783 | E84: =AVERAGE('01_원자료'!$N$2:$N$976) -> 0.47825086 | F84: =E84-D84 -> -4.9138046e-05 | G84: =IF(ABS(F84)<=H84,"일치","불일치") -> 일치 | H84: 0.0002
A85: 81 | B85: 3.2 | C85: 총 평가쌍 수 | D85: 975 | E85: =COUNT('01_원자료'!$S$2:$S$976) -> 975 | F85: =E85-D85 -> 0 | G85: =IF(ABS(F85)<=H85,"일치","불일치") -> 일치 | H85: 0
A86: 82 | B86: 3.2 | C86: 문서 수 | D86: 65 | E86: =COUNTA('11_문서단위'!A5:A69) -> 65 | F86: =E86-D86 -> 0 | G86: =IF(ABS(F86)<=H86,"일치","불일치") -> 일치 | H86: 0
A88: 대조 요약
A89: 자동 대조 항목 수 | B89: =COUNTIF(G5:G86,"일치")+COUNTIF(G5:G86,"불일치") -> 82
A90: 일치 | B90: =COUNTIF(G5:G86,"일치") -> 82
A91: 불일치 | B91: =COUNTIF(G5:G86,"불일치") -> 0
A92: 재현율 | B92: =B90/B89 -> 1
A94: 판정 기준: |워크북값 − 논문값| ≤ H열 허용오차. 허용오차는 논문에 인쇄된 반올림 자릿수의 절반으로 설정하였다.
A95: 문서형식 p: 워크북은 대표본 정규근사(NORMSDIST)를, 논문은 정확검정(exact)을 사용하였다. n=31/34에서 두 방법의 차이는 0.004이며 결론(유의하지 않음)은 동일하다. 허용오차를 0.01로 둔 이유다.
A97: 본 워크북 검증으로 논문에서 교정된 수치
A98: 아래 9건은 최초 원고의 값이 재계산과 달라 워크북 계산값으로 교체하였다. D열의 "논문 보고값"은 이미 교정된 값이며, 따라서 전 항목이 일치로 표시된다.
A99: 논문 위치 | B99: 항목 | C99: 교정 전 | D99: 교정 후 | E99: 방향
A100: 4.3 | B100: 레퍼런스-프리 3신호 R² | C100: 0.741 | D100: 0.76 | E100: 상향
A101: 4.3 | B101: 레퍼런스-프리 adjusted R² | C101: 0.728 | D101: 0.749 | E101: 상향
A102: 4.3 | B102: 레퍼런스-프리 LOOCV R² | C102: 0.673 | D102: 0.688 | E102: 상향
A103: 4.3 | B103: 레퍼런스-프리 → 어휘+의미 R² | C103: 0.367 | D103: 0.375 | E103: 상향
A104: 4.3 | B104: 레퍼런스-프리 → 어휘+의미 LOOCV | C104: 0.242 | D104: 0.247 | E104: 상향
...
